precinct_id,dis_id,voters_total,lat,lon,mun_id
1001,1,1476,41.691115777601134,44.801002829513635,1
1002,1,1310,41.68973908429964,44.798624123656424,1
1003,1,1459,41.69156637630917,44.79769389036097,1
1004,1,1181,41.68835687948774,44.79244546965157,1
1005,1,1481,41.69015481142627,44.79275974095782,1
1006,1,1488,41.69342411049408,44.79405421863321,1
1007,1,1469,41.69350544058649,44.79792024392588,1
1008,1,1121,41.69618338595362,44.80118023289855,1
1009,1,1398,41.696335205034195,44.79788109403125,1
1010,1,1595,41.69627938478369,44.79230960741012,1
1011,1,1621,41.698212135211364,44.79225508477933,1
1012,1,1559,41.69939299053668,44.795220562499026,1
1013,1,1324,41.69935490724518,44.800191605010184,1
1014,1,1278,41.70237884271119,44.79688756442018,1
1015,1,1314,41.700225699987335,44.79181463720353,1
1016,1,1553,41.70193526257468,44.79188104131321,1
1017,1,1124,41.706688823468575,44.78982847211953,1
1018,1,1120,41.70489747259846,44.78860151366137,1
1019,1,1511,41.70225456440114,44.78842100795939,1
1020,1,1429,41.7022217170362,44.78529351800441,1
1021,1,1454,41.70551192528643,44.78565574475351,1
1022,1,1503,41.70686123880838,44.78305643506149,1
1023,1,1395,41.704597325062316,44.78316837338956,1
1024,1,1582,41.70199342132478,44.78121282008216,1
1025,1,945,41.70113418017278,44.77412520385966,1
1026,1,1458,41.703011852704094,44.77638611428847,1
1027,1,1630,41.705163766454014,44.77892150060036,1
1028,1,1353,41.70734929856867,44.78000781693324,1
1029,1,1510,41.71016547263713,44.785103215242785,1
1030,1,1216,41.71047667464986,44.78157731395777,1
1031,1,1392,41.70846614829034,44.782963458892894,1
1032,1,1265,41.68587431822595,44.77083709206568,1
1033,1,1254,41.69084790214263,44.79923472535272,1
1034,1,1237,41.70199063473855,44.79964328901553,1
1035,1,1246,41.65812201806881,44.70377380227814,1
1036,1,204,41.66486381367168,44.64101755479091,1
1037,1,1571,41.651472449115,44.75404238126651,1
1038,1,910,41.66739291143252,44.74561542520432,1
1039,1,1208,41.66513895394819,44.76723132294894,1
2001,2,1346,41.70723010090096,44.77695839565467,1
2002,2,1443,41.708331356835295,44.776041837566936,1
2003,2,1453,41.70667331157921,44.774586227667676,1
2004,2,1496,41.70741831596108,44.77145676386235,1
2005,2,1313,41.710344039294306,44.773392154140026,1
2006,2,1336,41.703627194297255,44.77263177465972,1
2007,2,1117,41.70915934164858,44.7667254679861,1
2008,2,1250,41.7052852140687,44.77041319820622,1
2009,2,1242,41.706128375770156,44.7628850584969,1
2010,2,1404,41.70902951250926,44.763308396359875,1
2011,2,1389,41.71000749946105,44.75761794973516,1
2012,2,1381,41.708924334579635,44.757267628719326,1
2013,2,1409,41.707151249090806,44.755910747999174,1
2014,2,1391,41.71408567913135,44.75971077059881,1
2015,2,1463,41.7128030765404,44.750798840172045,1
2016,2,1369,41.711854488447436,44.7449387784635,1
2017,2,1466,41.710782913566966,44.74154294869658,1
2018,2,1090,41.70792701382765,44.73974191383445,1
2019,2,1558,41.713926303886524,44.71783430967054,1
2020,2,345,41.73827391751543,44.69836195156572,1
2021,2,1297,41.72114333272818,44.74468703519239,1
2022,2,976,41.732140020266236,44.74631451156157,1
2023,2,1457,41.72867144360115,44.73893984239351,1
2024,2,1497,41.72956404544698,44.73349845126906,1
2025,2,1472,41.730922186175896,44.73259516713929,1
2026,2,1499,41.7264920305533,44.74243837516628,1
2027,2,1292,41.72475813421061,44.74217852738247,1
2028,2,1464,41.726335366979534,44.73961463982418,1
2029,2,1332,41.721615403412585,44.730882749939326,1
2030,2,1353,41.725904411422576,44.733139628023025,1
2031,2,1160,41.725301598145855,44.72985815956421,1
2032,2,910,41.72183068767241,44.74137680143911,1
2033,2,1242,41.726893976419916,44.72385292082099,1
2034,2,1304,41.72927830124939,44.72602753429615,1
2035,2,1204,41.73095129169492,44.724840580877284,1
2036,2,1411,41.72490436831536,44.726584596607985,1
2037,2,1260,41.72174054898991,44.72799663635918,1
2038,2,1359,41.72121327225321,44.7271407525826,1
2039,2,1508,41.7199190964002,44.72101942142352,1
2040,2,1043,41.72471034224672,44.713949700708625,1
2041,2,878,41.73178608451544,44.75126735721131,1
2042,2,1457,41.7322647429445,44.72022091906335,1
2043,2,1421,41.7303283684047,44.76818482583017,1
2044,2,1456,41.72363746365746,44.720656616274276,1
2045,2,1470,41.72479885758947,44.72133965209505,1
2046,2,1277,41.72919547664698,44.75184123012441,1
2047,2,1289,41.73440757429786,44.7254116449563,1
2048,2,1361,41.71284424787175,44.744789633947754,1
2049,2,1392,41.71179171908761,44.759175041881996,1
2050,2,1473,41.70798799092392,44.762630733601945,1
2051,2,1405,41.711590597856926,44.761994516309436,1
2052,2,1185,41.70954087675656,44.77161288829769,1
2053,2,1519,41.70676163997883,44.728407722751506,1
2054,2,1083,41.72343395264007,44.72788866943936,1
2055,2,1288,41.7218679059161,44.72377546321346,1
2056,2,1537,41.719686365581524,44.71845852520715,1
2057,2,1328,41.733813634231844,44.730951897227264,1
2058,2,1389,41.73447459175472,44.724581684864056,1
2059,2,1440,41.729328086278706,44.73330179902645,1
2060,2,1296,41.72597881457226,44.7234024299943,1
2061,2,1460,41.728867450333354,44.74950519625875,1
2062,2,1338,41.72554983161016,44.73597280514485,1
2063,2,1303,41.721328852533205,44.72112278731861,1
2064,2,1408,41.72590190985771,44.71664976649551,1
2065,2,630,41.68527109944753,44.69188144827372,1
2066,2,1140,41.69018883715493,44.69384158450006,1
2067,2,972,41.69633211207731,44.690862491409874,1
2068,2,1336,41.7002548060309,44.69912684661857,1
2069,2,1120,41.69644504563262,44.70600491868452,1
2070,2,931,41.69234407066783,44.69943092573976,1
2071,2,1483,41.71081408758259,44.764188545799726,1
2072,2,899,41.728997843540185,44.72185463618317,1
2073,2,1054,41.73330186435247,44.72480814725122,1
2074,2,943,41.727561618810974,44.71894175355831,1
2075,2,869,41.6913076810578,44.68976800755071,1
2076,2,1261,41.70739600421795,44.766126901633264,1
2077,2,866,NA,NA,1
2078,2,905,41.72322908686729,44.74045725726396,1
3001,3,1602,41.71692908664441,44.782628680375886,1
3002,3,1389,41.71854952200246,44.77499364965794,1
3003,3,1382,41.71809219131841,44.771742650093856,1
3004,3,1524,41.715391973480656,44.76443747117022,1
3005,3,1557,41.71567856294229,44.77321389935998,1
3006,3,1337,41.72514166432765,44.74785639226596,1
3007,3,1329,41.72269197051822,44.75161307900123,1
3008,3,1582,41.71690675631861,44.76611086536451,1
3009,3,1573,41.71877650880436,44.76126503013119,1
3010,3,1479,41.72089800005968,44.76571626895473,1
3011,3,1432,41.72055901339027,44.76946453312907,1
3012,3,1578,41.72189311014478,44.76434380927591,1
3013,3,1550,41.723348106695774,44.76669306983837,1
3014,3,1541,41.72327826331989,44.77096192028401,1
3015,3,1503,41.72480750338186,44.766813902270364,1
3016,3,1552,41.72415395806588,44.76061322561268,1
3017,3,1403,41.72674685444477,44.76513599041187,1
3018,3,1471,41.72549455268846,44.75203873183002,1
3019,3,1405,41.728032267408686,44.74731484900244,1
3020,3,1329,41.7280832057953,44.7546296268759,1
3021,3,1344,41.72836267413881,44.76306373217801,1
3022,3,1447,41.72841675675651,44.76603015654207,1
3023,3,1377,41.73208465602146,44.75920695252176,1
3024,3,1557,41.73289491276318,44.76430966903591,1
3025,3,1372,41.735053728104205,44.76829943327363,1
3026,3,1238,41.727771322730575,44.769074106025535,1
3027,3,1444,41.73020380051436,44.76994684680194,1
3028,3,1410,41.72801120126902,44.77078290662759,1
3029,3,1446,41.72470407283783,44.77205575117342,1
3030,3,1283,41.72321191143263,44.776168487650004,1
3031,3,1554,41.72146448081284,44.775552399247346,1
3032,3,1472,41.728986562483584,44.775089368618865,1
3033,3,1373,41.75626543067426,44.75934834616829,1
3034,3,1322,41.75019664686826,44.763694792064484,1
3035,3,1541,41.797525708826996,44.77242114098023,1
3036,3,1569,41.790725994814615,44.76293146245812,1
3037,3,1564,41.790690514055115,44.76018323663706,1
3038,3,1498,41.79443016225583,44.763015889048695,1
3039,3,1238,41.79380115722485,44.75872971726713,1
3040,3,1599,41.78950651375499,44.747392021185576,1
3041,3,1290,41.79032507166157,44.73779882695191,1
3042,3,1422,41.789476006094205,44.741656021537125,1
3043,3,1298,41.71663414813832,44.77683230661596,1
3044,3,1530,41.72173464151912,44.77217130105179,1
3045,3,1209,41.72543486323397,44.767663618809244,1
3046,3,1285,41.73034180432004,44.76482039446436,1
3047,3,1503,41.72671042766515,44.74809925278301,1
3048,3,1384,41.72223249025546,44.77997032510403,1
3049,3,1492,41.754607470581654,44.7606973108862,1
3050,3,1379,41.79413588051122,44.753247816998304,1
3051,3,1553,41.79035692523988,44.75664213856525,1
3052,3,1495,41.78910609092926,44.745603436362266,1
3053,3,1564,41.79338098945309,44.73875562837598,1
3054,3,1427,41.719312669670316,44.76760243512178,1
3055,3,1447,41.7145148530065,44.768860108713696,1
3056,3,1555,41.77310987804372,44.73446848570649,1
3057,3,1244,41.77350866125074,44.72200318101309,1
3058,3,1352,41.77034292810066,44.74496732842132,1
3059,3,1542,41.76401096558159,44.757592182703945,1
3060,3,1459,41.736714571689824,44.76424751905409,1
3061,3,1319,41.72163885181162,44.77787698403989,1
3062,3,1497,41.71722921710607,44.77367469635492,1
3063,3,1562,41.71610658328601,44.77068911680121,1
3064,3,1527,41.72304962458845,44.756183616187,1
3065,3,1481,41.72590166570513,44.757066349941276,1
3066,3,1490,41.727932943551636,44.7603966863998,1
3067,3,1345,41.73015936814806,44.76127696994904,1
3068,3,1574,41.733072042499636,44.75539234554831,1
3069,3,1499,41.718563694649845,44.7705896686667,1
3070,3,1473,41.7337946905347,44.77002089017052,1
3071,3,1174,41.72624261492084,44.77294814149038,1
3072,3,1384,41.71784495449079,44.76317323602989,1
3073,3,1529,41.790509883951,44.75787964257772,1
3074,3,1596,41.79573889434834,44.75959663847479,1
3075,3,1469,41.79368043095899,44.74265766878925,1
3076,3,1556,41.788158029440375,44.745145005626995,1
3077,3,1564,41.71980466760826,44.772804301984515,1
3078,3,1558,41.7241667114538,44.77439001815592,1
3079,3,1585,41.720589854986855,44.74723554408798,1
3080,3,1497,41.77532837176081,44.76331044737843,1
3081,3,1356,41.730259177674405,44.76677501102587,1
3082,3,1217,41.71757427296926,44.78240861472919,1
3083,3,1380,41.71534261610254,44.767975721405286,1
3084,3,1585,41.73061285199444,44.746596337291486,1
3085,3,1550,41.73034007668582,44.754250689105326,1
3086,3,1295,NA,NA,1
3087,3,1510,41.75630778265839,44.75798996117414,1
3088,3,1045,NA,NA,1
3089,3,1368,NA,NA,1
4001,4,1539,41.69819728576942,44.80444826623345,1
4002,4,1457,41.69510906549006,44.80389991074332,1
4003,4,1559,41.692368049407655,44.80360653630191,1
4004,4,1451,41.69367863920882,44.80644632127212,1
4005,4,1419,41.690980355074416,44.8045751787483,1
4006,4,1465,41.68896848518004,44.8047864006695,1
4007,4,1389,41.68804260147991,44.81032929784592,1
4008,4,1336,41.68712300535372,44.81629135236219,1
4009,4,1088,41.68537621460254,44.814518153584984,1
4010,4,1361,41.68338908864878,44.821225331494865,1
4011,4,1028,41.68077653626849,44.82052500178623,1
4012,4,1541,41.67796914929201,44.817078954761534,1
4013,4,1479,41.677484360935964,44.81944581842187,1
4014,4,1545,41.675921750091234,44.81965874878799,1
4015,4,1452,41.672703672398306,44.8164653146858,1
4016,4,1320,41.676611392017804,44.83215433158393,1
4017,4,1502,41.6699946345132,44.84702975574369,1
4018,4,1220,41.65903743337557,44.89276721054034,1
4019,4,1428,41.653489819735064,44.90532817616395,1
4020,4,1326,41.646145231239295,44.915766253357,1
4021,4,1317,41.63963747046258,44.91206996583259,1
4022,4,1068,41.64420969049092,44.90977184810163,1
4023,4,1537,41.64536648119518,44.90923116169406,1
4024,4,1418,41.64253344386764,44.90495624092777,1
4025,4,1431,41.645049530284794,44.90137812550439,1
4026,4,1434,41.64433622645039,44.89989104232411,1
4027,4,1509,41.64470304940628,44.89811795000347,1
4028,4,1459,41.644319284711976,44.895567284281206,1
4029,4,1458,41.660401207612814,44.88383711699714,1
4030,4,1420,41.66248218401375,44.87538221643254,1
4031,4,1277,41.66580344106962,44.867572464565455,1
4032,4,1045,41.682378434296474,44.822319245788066,1
4033,4,1439,NA,NA,1
4034,4,1378,NA,NA,1
5001,5,1469,41.70317484216704,44.82108307554046,1
5002,5,1585,41.698846729512475,44.82062315704648,1
5003,5,1464,41.70134101229359,44.82452367506778,1
5004,5,1462,41.69851120304612,44.82681682772821,1
5005,5,1480,41.69660791734316,44.81442041276433,1
5006,5,1516,41.69550883362221,44.81910782373398,1
5007,5,1550,41.693523048977525,44.814308681027356,1
5008,5,1512,41.69073793277824,44.814673706370776,1
5009,5,1462,41.69394380109922,44.81289180843954,1
5010,5,1423,41.69177859403555,44.817211894423714,1
5011,5,1455,41.693369872606795,44.82477746508795,1
5012,5,1558,41.690037400208645,44.82118489690396,1
5013,5,1528,41.69004081079046,44.82450030749301,1
5014,5,1350,41.685266125240084,44.82587675768846,1
5015,5,1406,41.68488153791355,44.82976400035936,1
5016,5,1441,41.68864326542464,44.832134942953076,1
5017,5,1490,41.69026363240601,44.83461684749004,1
5018,5,1449,41.68840224379135,44.837399837919854,1
5019,5,1472,41.687572074718545,44.83584018378127,1
5020,5,1305,41.68438561487716,44.83645637091597,1
5021,5,1545,41.68312930147402,44.84157207230791,1
5022,5,1399,41.679763121087504,44.839064756816,1
5023,5,1474,41.68130948065445,44.840553755725935,1
5024,5,1468,41.676683639413234,44.8428225560228,1
5025,5,1489,41.677246578181446,44.84563454403896,1
5026,5,1503,41.67561110400869,44.84793854572509,1
5027,5,1534,41.6784984798559,44.84966208175374,1
5028,5,1453,41.6780670907635,44.85305770041584,1
5029,5,1521,41.683806164986066,44.849911079593625,1
5030,5,1368,41.67472495052062,44.856442086115536,1
5031,5,1541,41.6751004723758,44.85327693442654,1
5032,5,1553,41.67652669499774,44.85724452372698,1
5033,5,1492,41.67843262194977,44.850692818324156,1
5034,5,1378,41.67050490667859,44.866579690589816,1
5035,5,1539,41.674252971932006,44.86451463088813,1
5036,5,1489,41.672775443393185,44.873819605547,1
5037,5,1461,41.67195381310733,44.874498061305154,1
5038,5,1540,41.692858078953456,44.8357102398551,1
5039,5,1450,41.69023116995797,44.84979931534488,1
5040,5,1404,41.693785717303285,44.84347424446683,1
5041,5,1534,41.698828370301264,44.84170198376335,1
5042,5,1575,41.69273567291314,44.84591102363865,1
5043,5,1521,41.694637789986785,44.84365002096915,1
5044,5,1527,41.693061208856015,44.836631301667516,1
5045,5,1476,41.694188845660534,44.84953712828447,1
5046,5,1466,41.690694143190946,44.85511417407514,1
5047,5,1502,41.68586376761789,44.86183693810574,1
5048,5,1312,41.692813107221994,44.85026635155129,1
5049,5,1397,41.691386681577264,44.86250035911936,1
5050,5,1355,41.689804512930884,44.8642835749293,1
5051,5,1630,41.6925392776584,44.857105768800174,1
5052,5,1444,41.688662476846105,44.85809028479082,1
5053,5,1490,41.68892728215722,44.86499908961563,1
5054,5,1398,41.695810247144806,44.85354769287116,1
5055,5,1465,41.70044687087191,44.8488340651908,1
5056,5,1475,41.70580722269679,44.85498465392758,1
5057,5,1389,41.69768060583733,44.85370057188035,1
5058,5,1451,41.70473548797765,44.85639021913052,1
5059,5,1509,41.69591271641482,44.85844405558237,1
5060,5,1423,41.70160437690995,44.85567297563266,1
5061,5,1467,41.69437931394148,44.86217148900778,1
5062,5,1501,41.702430918700344,44.85127251627556,1
5063,5,1487,41.701760779748554,44.85415878911782,1
5064,5,1516,41.708785570939845,44.85111608793333,1
5065,5,1439,41.70729588776109,44.849526115215404,1
5066,5,1468,41.70573899685287,44.842368188066146,1
5067,5,1519,41.705875432711245,44.843069700791766,1
5068,5,1445,41.70251162852573,44.84666809405555,1
5069,5,1509,41.700716212363936,44.8518184776729,1
5070,5,1546,41.70740579661741,44.851956416935316,1
5071,5,1457,41.70745105835843,44.84043182996208,1
5072,5,1461,41.70605866002927,44.84547338761279,1
5073,5,1360,41.704779119624114,44.847153548792654,1
5074,5,1403,41.70906650936574,44.84875054666405,1
5075,5,1496,41.70744521507525,44.84383739395784,1
5076,5,1283,41.68906077131292,44.82677423659353,1
5077,5,1445,NA,NA,1
5078,5,1370,NA,NA,1
5079,5,1435,NA,NA,1
5080,5,1413,NA,NA,1
6001,6,1404,41.71109885020816,44.87648165774057,1
6002,6,1272,41.710830845940066,44.87955207822191,1
6003,6,1480,41.710027784603355,44.88190445342835,1
6004,6,1125,41.709966070741444,44.875270391104394,1
6005,6,1203,41.709395538951114,44.8775877379571,1
6006,6,1246,41.70841576238478,44.88055839627826,1
6007,6,1016,41.708436609919126,44.87330253828777,1
6008,6,1348,41.707277259671194,44.87518340224945,1
6009,6,1363,41.706626251197,44.87723068254466,1
6010,6,13252,41.7060013959879,44.873081424243225,1
6011,6,12046,41.70495977257698,44.87615859874041,1
6012,6,1403,41.705790199150506,44.88047315385374,1
6013,6,1410,41.70321114911456,44.874085099937524,1
6014,6,1341,41.70292973802652,44.87669417874184,1
6015,6,1292,41.70329488680611,44.87888042581849,1
6016,6,1457,41.70578115746993,44.88479725459161,1
6017,6,1565,41.70368617754379,44.88629769558765,1
6018,6,1431,41.70327598532571,44.8829819595505,1
6019,6,1464,41.70048599268929,44.88260390787431,1
6020,6,1460,41.70120562312348,44.88474721395222,1
6021,6,1558,41.70032640022068,44.88654916082158,1
6022,6,1508,41.70028576107595,44.872426383220805,1
6023,6,1302,41.70072917702926,44.874603887996216,1
6024,6,1349,41.70124709369932,44.87888577397958,1
6025,6,1202,41.69927958301415,44.87513546892104,1
6026,6,1499,41.699804465803446,44.877882062331786,1
6027,6,1529,41.69922937881946,44.88016862203145,1
6028,6,1470,41.69691751430113,44.87127116977165,1
6029,6,1227,41.69707571451726,44.87462983902116,1
6030,6,1467,41.69628435265121,44.87684687331222,1
6031,6,1476,41.69664796396331,44.88045261975374,1
6032,6,1349,41.69378196916838,44.87185552655616,1
6033,6,1160,41.68898314743483,44.89061121148707,1
6034,6,1140,41.694165936285366,44.87992983429915,1
6035,6,1259,41.690413811597516,44.88469312266451,1
6036,6,1351,41.69432017936307,44.882213696969764,1
6037,6,1261,41.69107468956995,44.87516299691347,1
6038,6,1590,41.69783329742376,44.865569120573696,1
6039,6,1248,41.696131967508364,44.86756965787475,1
6040,6,1112,41.69335145309558,44.86949852580852,1
6041,6,1487,41.6916994586967,44.86800386700672,1
6042,6,1378,41.69412105556034,44.8740024622727,1
6043,6,1244,41.692153783706495,44.87947790593327,1
6044,6,1381,41.693023444914196,44.88363048378263,1
6045,6,1088,41.69043912340131,44.88035595355853,1
6046,6,1506,41.691726196763945,44.88145312950966,1
6047,6,1559,41.68931067991293,44.88082987461742,1
6048,6,857,41.700487444995,44.89200945913914,1
6049,6,1319,41.68872709764964,44.87278234180073,1
6050,6,1479,41.6882445876563,44.87674146661844,1
6051,6,1484,41.68778759996308,44.880246343268134,1
6052,6,1640,41.68917117146867,44.88549883525824,1
6053,6,1279,41.686187342973,44.88577322796742,1
6054,6,1437,41.685790268742466,44.88366050621159,1
6055,6,1214,41.685033548113616,44.88587076605178,1
6056,6,1390,41.68698704778879,44.87317836387486,1
6057,6,1607,41.68569526104528,44.872737338505104,1
6058,6,1274,41.68555365319873,44.8764192348994,1
6059,6,1532,41.68564737925738,44.88006614467425,1
6060,6,1546,41.693625470561685,44.9231880314039,1
6061,6,1426,41.69254662395845,44.89771039684845,1
6062,6,1445,41.69265854167409,44.90347834835117,1
6063,6,1054,41.68546007025828,44.97671445586125,1
6064,6,1149,41.68435374453686,44.91993500055921,1
6065,6,1072,41.682282437068345,44.98126382036991,1
6066,6,1135,41.681393296264886,44.981970841871046,1
6067,6,1355,41.67985766964113,44.980884025129534,1
6068,6,1316,41.67943044027138,44.97811256410762,1
6069,6,1465,41.677567205647456,44.983999737232104,1
6070,6,1516,41.678770996931526,44.98492279676953,1
6071,6,1022,41.681263220344924,44.979142288595376,1
6072,6,1158,41.68278232585201,44.94801648021499,1
6073,6,1540,41.65602537429549,44.94571276196298,1
6074,6,1026,41.66073367763223,44.94016485084286,1
6075,6,1486,41.66319656309229,44.93224988002574,1
6076,6,475,41.74423521915861,44.91259204869055,1
6077,6,1175,41.67072191699342,44.92350629907789,1
6078,6,1196,41.67251023567423,44.932467859400546,1
6079,6,1106,41.734481289780504,44.97435424595348,1
6080,6,992,41.728604189116886,44.93434423836135,1
6081,6,903,41.66894771854461,44.98215838036042,1
6082,6,1701,41.67810117355042,44.89340471259656,1
6083,6,1636,41.674473192506426,44.90591898790803,1
6084,6,1081,41.68405631815703,44.89876458834263,1
6085,6,1484,41.67356206832291,44.913963548298725,1
6086,6,1530,41.669027487246346,44.913247519131964,1
6087,6,1514,41.67087314827365,44.91265621054083,1
6088,6,1565,41.66489218130885,44.922851947608144,1
6089,6,1466,41.669541016203745,44.91778393248082,1
6090,6,1495,41.66722374100885,44.916637852667066,1
6091,6,1510,41.668816968029255,44.9122676926385,1
6092,6,1112,41.66359126993423,44.90852079916746,1
6093,6,1110,41.66966878170886,44.889570782801385,1
6094,6,924,41.67047685122854,44.88731680572185,1
6095,6,1319,41.66927539657598,44.89623473650344,1
6096,6,1367,41.66779813426044,44.89015613718225,1
6097,6,1432,41.664987200599704,44.89120186450802,1
6098,6,1542,41.66569297721371,44.892812750168744,1
6099,6,1507,41.66522871241586,44.89570352224154,1
7001,7,1481,41.70684440278763,44.79646021962872,1
7002,7,1213,41.70772096180571,44.79918425565876,1
7003,7,1139,41.70419291477303,44.800716814633645,1
7004,7,1495,41.70217598692742,44.808854837374994,1
7005,7,1445,41.69700929374674,44.81546128829469,1
7006,7,1396,41.70534118750091,44.817766693121406,1
7007,7,1501,41.705170090117704,44.806692830692285,1
7008,7,1499,41.70717758250212,44.80755544924049,1
7009,7,1509,41.70911411532243,44.801326998807085,1
7010,7,1391,41.71261925259809,44.804773981418116,1
7011,7,1384,41.71315784908563,44.79876702027081,1
7012,7,1347,41.71530168227555,44.79904254737153,1
7013,7,953,41.720450982466886,44.79658410936267,1
7014,7,1517,41.721792440349944,44.80202011318087,1
7015,7,1294,41.7242126016448,44.80562294138648,1
7016,7,1466,41.719703766108466,44.806572415524975,1
7017,7,1506,41.71821174797523,44.80545143938571,1
7018,7,1561,41.72022530290618,44.81362121211339,1
7019,7,1587,41.713797887950435,44.80846622588864,1
7020,7,1402,41.7131489528101,44.814586590053295,1
7021,7,1539,41.708977821455996,44.81213842538854,1
7022,7,1480,41.70711129601336,44.8137949198251,1
7023,7,1386,41.71775944385041,44.79634856467001,1
7024,7,1409,41.70578211873953,44.80190060016651,1
7025,7,1361,41.7040225896132,44.80401282641619,1
7026,7,1440,41.70170644457341,44.811829332727235,1
7027,7,1316,41.705705097086344,44.80488346746552,1
7028,7,1527,41.71021574571421,44.80785035684973,1
7029,7,1126,41.71179408787234,44.80161626710971,1
7030,7,1099,41.71603649435019,44.8008850920406,1
7031,7,1504,41.71613869179896,44.80645261669119,1
7032,7,1538,41.71785743587116,44.81909208948644,1
7033,7,1554,41.71254009690575,44.8167118491931,1
7034,7,1395,41.718859551671535,44.79827569693435,1
7035,7,1329,41.70198966713345,44.80699375024782,1
7036,7,1346,41.71809129882561,44.80105900223253,1
7037,7,1230,41.71411065676407,44.80286996027303,1
7038,7,1488,41.70858679124933,44.804310351200144,1
7039,7,876,41.7275900289979,44.82824662405586,1
7040,7,1538,41.710840371678195,44.8163476866306,1
7041,7,840,41.71275555211256,44.80200818842798,1
7042,7,929,NA,NA,1
7043,7,1083,NA,NA,1
8001,8,1485,41.70990989431865,44.79350393978571,1
8002,8,900,41.71351648939074,44.79082635251581,1
8003,8,1282,41.71307555651175,44.7932734878233,1
8004,8,1270,41.71099015877894,44.79754478500733,1
8005,8,1353,41.71280554944744,44.79612135691454,1
8006,8,832,41.71567376616552,44.7941787461482,1
8007,8,1233,41.71738572221001,44.791358940590456,1
8008,8,1629,41.72032511282921,44.791374432886826,1
8009,8,1596,41.71922863591825,44.78802802177936,1
8010,8,1475,41.72306584497318,44.787372902432814,1
8011,8,1404,41.72560590153293,44.787989057663715,1
8012,8,1233,41.727540467318384,44.78683437052224,1
8013,8,1292,41.727957742096216,44.78181645744378,1
8014,8,1190,41.72966112843,44.78432416160982,1
8015,8,1398,41.732294527322594,44.78366213658183,1
8016,8,1208,41.73291314926913,44.777592802615835,1
8017,8,1173,41.73470282277136,44.78237369288704,1
8018,8,1293,41.739042324039275,44.77409810311245,1
8019,8,1221,41.741810436837945,44.772266453760615,1
8020,8,994,41.74337663339541,44.772659545626574,1
8021,8,1374,41.74430548107023,44.775489834483125,1
8022,8,958,41.744730961756666,44.772326433590116,1
8023,8,1120,41.745795662824996,44.7769171278726,1
8024,8,1355,41.72111064032919,44.794370826446716,1
8025,8,1465,41.724606339152025,44.79226441861167,1
8026,8,1413,41.72755138473866,44.79138047600211,1
8027,8,1468,41.7288044278432,44.78880396244849,1
8028,8,1480,41.72970941974563,44.79063998185919,1
8029,8,1488,41.73102311742749,44.78855434074998,1
8030,8,1439,41.733121633868024,44.784881125394534,1
8031,8,1220,41.737313449507006,44.78271016360059,1
8032,8,1203,41.73980152460415,44.78139875550095,1
8033,8,1347,41.74265182073133,44.78008142321852,1
8034,8,1352,41.7565840778192,44.77227142450965,1
8035,8,1385,41.754754846016496,44.774190159873235,1
8036,8,1318,41.753854435570645,44.77340334630769,1
8037,8,1496,41.75832033561399,44.77056505682767,1
8038,8,856,41.75939975963834,44.769826227779475,1
8039,8,1366,41.75545989824826,44.776767532031336,1
8040,8,1300,41.75694266511014,44.77573859757545,1
8041,8,1340,41.75752854591831,44.77767423437292,1
8042,8,1404,41.758929293850834,44.77691031457536,1
8043,8,1500,41.75967582944846,44.77959876819889,1
8044,8,1173,41.763345674446896,44.77783717903103,1
8045,8,898,41.76594940018901,44.77633603933325,1
8046,8,1266,41.765446183632314,44.779254514907166,1
8047,8,1274,41.76453106811371,44.776948759873484,1
8048,8,1179,41.76563523126503,44.771966910265704,1
8049,8,1376,41.76444559233322,44.77293053806663,1
8050,8,1346,41.76370691189308,44.77165086316119,1
8051,8,1238,41.7622744566117,44.77158448994438,1
8052,8,1335,41.76079107021894,44.77112839933055,1
8053,8,1428,41.75988809792518,44.773360784208805,1
8054,8,998,41.77764101064301,44.77947969423643,1
8055,8,1234,41.77589259026748,44.772035080151845,1
8056,8,1150,NA,NA,1
9001,9,1291,41.73854148192054,44.80900329869236,1
9002,9,1226,41.73853525937576,44.80571702206118,1
9003,9,1498,41.73458789731866,44.81953442562994,1
9004,9,1377,41.735639449972695,44.82529963298912,1
9005,9,1258,41.736194428679795,44.81880268884051,1
9006,9,1335,41.73387771326529,44.81744642499217,1
9007,9,1468,41.733458709521585,44.80752635620435,1
9008,9,1429,41.73523735701532,44.809579720172785,1
9009,9,1207,41.732305392358754,44.81151555658524,1
9010,9,1134,41.731300322259585,44.8162500216648,1
9011,9,1487,41.72922876419426,44.811765892780834,1
9012,9,1429,41.72976514452836,44.805859993150065,1
9013,9,1411,41.7278938194631,44.81426617538182,1
9014,9,1491,41.72587794284632,44.805890461321326,1
9015,9,1480,41.725308914432745,44.80144012221934,1
9016,9,1462,41.7278659657634,44.799839484175735,1
9017,9,1446,41.72749173777065,44.800430329978695,1
9018,9,1445,41.730844076170186,44.80201405615903,1
9019,9,1424,41.73166220691155,44.797700198179264,1
9020,9,1429,41.73285579593416,44.800869832996796,1
9021,9,1320,41.73407785501444,44.79678820076154,1
9022,9,1455,41.734413473626894,44.79847623066916,1
9023,9,1466,41.73612361095549,44.79469920493976,1
9024,9,1465,41.73701905104369,44.799206597964066,1
9025,9,1482,41.736806048599696,44.80200696578115,1
9026,9,1469,41.739026742984535,44.798421173557756,1
9027,9,1527,41.740756320580275,44.79295741449708,1
9028,9,1330,41.74114780674436,44.80094786969877,1
9029,9,1350,41.74214744787871,44.797218902475485,1
9030,9,1387,41.74244787598208,44.793457076837356,1
9031,9,1562,41.7452460370727,44.79862076390516,1
9032,9,1489,41.74407684384708,44.798474681863084,1
9033,9,1549,41.74701300475369,44.799888680245765,1
9034,9,1492,41.744693729012226,44.79157289861245,1
9035,9,1352,41.74426892986046,44.78515836653661,1
9036,9,1506,41.747438454943435,44.79458484974746,1
9037,9,1552,41.7492874335119,44.796547807819174,1
9038,9,1461,41.74972103342582,44.793349605474184,1
9039,9,1490,41.75315876192225,44.7872355074558,1
9040,9,1514,41.752387403165294,44.7943385050937,1
9041,9,1526,41.753377866105964,44.78956115023883,1
9042,9,1406,41.755736373447945,44.792761834291866,1
9043,9,1503,41.75625785002116,44.78759820364798,1
9044,9,1491,41.75839345397176,44.78493230024687,1
9045,9,1525,41.7578850467486,44.79195865902011,1
9046,9,1433,41.76242873971428,44.7857460115699,1
9047,9,1433,41.76294961369678,44.78833042103048,1
9048,9,1430,41.765158555069505,44.78646463627914,1
9049,9,1262,41.7604881750567,44.7926759892669,1
9050,9,1485,41.76290885676611,44.79090041788654,1
9051,9,1499,41.76304911711198,44.79560377614001,1
9052,9,1487,41.76092739328595,44.80081982783736,1
9053,9,1397,41.765453385949975,44.79116349039479,1
9054,9,1306,41.76625407046491,44.792084709763245,1
9055,9,1457,41.76658997291903,44.79937458465201,1
9056,9,1426,41.768849603538165,44.78978811384968,1
9057,9,1530,41.76897485501939,44.796071816217264,1
9058,9,1472,41.76744462587017,44.78545655940008,1
9059,9,1561,41.771846318011704,44.79129739909258,1
9060,9,1435,41.771791198706936,44.795490949311834,1
9061,9,1424,41.76781156944672,44.80073876554763,1
9062,9,1485,41.77414205325443,44.794642010975835,1
9063,9,1421,41.77454050782632,44.798891201803606,1
9064,9,1256,41.750153414843076,44.82247841763878,1
9065,9,1267,41.77754898205444,44.800082180471264,1
9066,9,1358,41.77600381032148,44.8027957294668,1
9067,9,1356,41.78092054619016,44.80167088255351,1
9068,9,1292,41.784151391237785,44.803167506765774,1
9069,9,1360,41.78206552735354,44.80288817572678,1
9070,9,1450,41.77899804406538,44.80488655087481,1
9071,9,1449,41.77756872219276,44.80833284953254,1
9072,9,1518,41.77722767858694,44.81078236177622,1
9073,9,1490,41.780165232575776,44.81001363546193,1
9074,9,1445,41.77632230026302,44.81407159498364,1
9075,9,1483,41.7750883140646,44.8137346084312,1
9076,9,1472,41.77337931236509,44.81659180989082,1
9077,9,1457,41.77205289143291,44.82062796280963,1
9078,9,1458,41.7736572438811,44.81845877111378,1
9079,9,1491,41.77443705387564,44.822921180394395,1
9080,9,1278,41.7767356897194,44.82293529756531,1
9081,9,1434,41.77660861069758,44.82012529348485,1
9082,9,1505,41.77563973037447,44.8245612721069,1
9083,9,1496,41.77695951303574,44.81728095170922,1
9084,9,1463,41.78057549479097,44.81750237237865,1
9085,9,1481,41.776852994777435,44.81977719034527,1
9086,9,1392,41.77882558158067,44.821458734472,1
9087,9,1405,41.77854690441725,44.81767491890264,1
9088,9,1340,41.781524540306386,44.81370595381894,1
9089,9,1453,41.7809270881491,44.81407664452979,1
9090,9,1418,41.78294203723042,44.81140980156763,1
9091,9,1391,41.78638650329696,44.80747052925576,1
9092,9,1443,41.78497349326386,44.80847294633036,1
9093,9,1429,41.7471522755531,44.78576947185296,1
9094,9,434,41.77350902417832,44.80481220444621,1
9095,9,1373,NA,NA,1
9096,9,1468,NA,NA,1
9097,9,1481,NA,NA,1
9098,9,1498,NA,NA,1
9099,9,1306,NA,NA,1
10001,10,1586,41.8240312073107,44.75520552773593,1
10002,10,1538,41.8221586160067,44.76043032005158,1
10003,10,1506,41.822814468597244,44.780735339090285,1
10004,10,1488,41.82455858714008,44.77583786885321,1
10005,10,1506,41.826965440901,44.78822823470101,1
10006,10,1414,41.821208747490246,44.79049299474418,1
10007,10,1527,41.826110783699555,44.78329807505204,1
10008,10,1469,41.82474263306109,44.78591394924423,1
10009,10,1563,41.81303893701917,44.79891073758575,1
10010,10,14533,41.811192603673966,44.801563612128795,1
10011,10,7904,41.80836981615515,44.79714324746756,1
10012,10,1301,41.79363806413855,44.80416899219052,1
10013,10,1418,41.794244053009805,44.80202681726933,1
10014,10,1475,41.79045650803371,44.80201319226645,1
10015,10,1167,41.78981027175583,44.805366463076034,1
10016,10,1320,41.801394058554685,44.79488408786795,1
10017,10,1200,41.81046823823523,44.79128998632808,1
10018,10,1204,41.81265436432854,44.795031049575314,1
10019,10,1372,41.8043499192559,44.80745170435218,1
10020,10,1090,41.80640050546891,44.80757485901633,1
10021,10,1421,41.816135960748895,44.78800168788779,1
10022,10,1339,41.816567340913075,44.79318767650548,1
10023,10,902,41.82444924005277,44.82675693966925,1
10024,10,1259,41.79292257961853,44.80661837243972,1
10025,10,1296,41.79341285676389,44.81283695563237,1
10026,10,1204,41.794042964138704,44.814493465194886,1
10027,10,1463,41.79469103775488,44.812132423007746,1
10028,10,1417,41.79565866779316,44.81074503767445,1
10029,10,1402,41.79505560805838,44.8161215596559,1
10030,10,1454,41.7959088211889,44.81526175256344,1
10031,10,1460,41.797042500255436,44.81321041311942,1
10032,10,1442,41.796924004942305,44.816754196430864,1
10033,10,1421,41.79895371158328,44.814689797517886,1
10034,10,1427,41.797518600313296,44.81812282718961,1
10035,10,1363,41.7987899596607,44.81878905491337,1
10036,10,1245,41.80018892604723,44.81888116268164,1
10037,10,1425,41.80004073958174,44.82107619230805,1
10038,10,1312,41.80157880075994,44.82119878716255,1
10039,10,1639,41.807510874804656,44.81898727076084,1
10040,10,1582,41.80132974941011,44.81045874096508,1
10041,10,1012,41.798263665979896,44.804831305177515,1
10042,10,1387,41.80288394764798,44.822192948728485,1
10043,10,1299,41.80379897691697,44.822945487048074,1
10044,10,1255,41.80237582024609,44.824404251283184,1
10045,10,1481,41.80573667579377,44.82352419551739,1
10046,10,1423,41.803519198606544,44.826600890300725,1
10047,10,1444,41.80462806442405,44.826668243593886,1
10048,10,1476,41.806789066738,44.82539848525053,1
10049,10,1471,41.805388929709174,44.82943831569617,1
10050,10,1440,41.80698585594419,44.82840081019462,1
10051,10,1245,41.807812589760005,44.830412567276035,1
10052,10,1232,41.80846011635917,44.83193479359682,1
10053,10,1435,41.81098740201712,44.825571365566226,1
10054,10,1185,41.80475085410866,44.83899867892429,1
10055,10,1456,41.806378572675044,44.83801497223222,1
10056,10,1439,41.80735582569342,44.83562186974398,1
10057,10,1338,41.805950889528226,44.83560997052804,1
10058,10,1442,41.804818033404544,44.83579520604622,1
10059,10,1362,41.804322448031705,44.8342719467333,1
10060,10,1444,41.80394037978608,44.834074756964924,1
10061,10,1511,41.802958152869564,44.834526330878646,1
10062,10,1353,41.80242639316134,44.83122930459222,1
10063,10,1369,41.80135213296523,44.83355710233338,1
10064,10,1341,41.80051635664495,44.832150324858446,1
10065,10,1327,41.79981078814877,44.829340447943814,1
10066,10,1347,41.79897137237958,44.83133653646916,1
10067,10,1372,41.801119947353996,44.828247533736246,1
10068,10,1273,41.79920953151755,44.825948387382056,1
10069,10,1447,41.79878780436479,44.824955664398445,1
10070,10,1264,41.798154851992116,44.82901074130834,1
10071,10,1326,41.797273100533054,44.82861126702984,1
10072,10,1532,41.79563846945954,44.83100467775776,1
10073,10,1452,41.79651698872063,44.832754992694056,1
10074,10,1419,41.795304037081785,44.826683504976266,1
10075,10,1286,41.79582468408973,44.82635186742248,1
10076,10,1255,41.79589225272283,44.82700816427874,1
10077,10,1107,41.797793232673406,44.823303604923964,1
10078,10,984,41.79674274875479,44.82328501346347,1
10079,10,1475,41.795725558053135,44.82206073255892,1
10080,10,1392,41.793903361221936,44.824795136595085,1
10081,10,1427,41.79326700839854,44.82294096535268,1
10082,10,1453,41.79262364850511,44.82203795269457,1
10083,10,1511,41.793788229481564,44.82155867235275,1
10084,10,1276,41.79452131951064,44.81982471675707,1
10085,10,1132,41.79226444529754,44.81853552546351,1
10086,10,1519,41.78927366128016,44.82558903175784,1
10087,10,1415,41.788829705079856,44.82876652784148,1
10088,10,1506,41.787966066295965,44.82102667737924,1
10089,10,1454,41.787051661637655,44.82722386049723,1
10090,10,1284,41.78658003769289,44.827403152820246,1
10091,10,1387,41.78745949988635,44.821597913816944,1
10092,10,1387,41.786952431944584,44.82307335310378,1
10093,10,1372,41.78743719557167,44.830793136556004,1
10094,10,1330,41.78608687942238,44.83272721887965,1
10095,10,1453,41.78539327694944,44.833246117308136,1
10096,10,1215,41.785802142481835,44.829410472704794,1
10097,10,1516,41.809557410893014,44.80558160344447,1
10098,10,1300,41.781576073389985,44.830331113967105,1
10099,10,1230,41.78341144784591,44.82775440289737,1
11001,11,731,41.73322364130345,45.31261345402787,11
11002,11,1208,41.73883854968831,45.31968851075306,11
11003,11,1129,41.74381494679077,45.324599618790145,11
11004,11,853,41.7419687314592,45.32989853558436,11
11005,11,698,41.731230436584994,45.337049094958296,11
11006,11,1318,41.7287121082461,45.332852554318855,11
11007,11,993,41.73260011138902,45.32813158783338,11
11008,11,1207,41.72962870514449,45.32451847549142,11
11009,11,1040,41.712295510800146,45.34669391959073,11
11010,11,1023,41.71015979851103,45.34601737909207,11
11011,11,877,41.864584757192965,45.22982005992984,11
11012,11,275,41.874131750922864,45.12823433229607,11
11013,11,359,41.78589076607061,45.13799741302547,11
11014,11,1284,41.749331726225684,45.192957408097314,11
11015,11,953,41.75193712752815,45.239308730573754,11
11016,11,1352,41.714340662067634,45.245374385395586,11
11017,11,549,41.71182892203825,45.29198863278403,11
11018,11,817,41.72451814774115,45.30410603658551,11
11019,11,916,41.735614803127596,45.37354457796092,11
11020,11,1191,41.716556762844476,44.99943412854629,11
11021,11,808,41.64158807578003,45.27414076386624,11
11022,11,94,41.710239529025635,45.41351227863353,11
11023,11,83,41.71646593193175,45.44775927106604,11
11024,11,854,41.72734524478237,45.47616645674195,11
11025,11,890,41.709535653882824,45.497856490509015,11
11026,11,1082,41.71170715496645,45.51181723729287,11
11027,11,526,41.705503903771216,45.52826132712753,11
11028,11,818,41.69495400723358,45.5460439382987,11
11029,11,744,41.6799194178234,45.54307973193898,11
11030,11,1324,41.67215293054862,45.58369687601907,11
11031,11,1302,41.644624232810784,45.547760514586024,11
11032,11,328,41.625571308091374,45.595628551353364,11
11033,11,980,41.661790521293966,45.6135691770783,11
11034,11,1243,41.690786078955306,45.51465916461913,11
11035,11,499,41.60001204738173,45.53627553536466,11
11036,11,399,41.56371007861433,45.49519959140763,11
11037,11,568,41.54791243394067,45.506643096497214,11
11038,11,1261,41.542486833169164,45.52816662719647,11
11039,11,985,41.56910735092157,45.58236891906434,11
11040,11,822,41.56429038078788,45.47716785526373,11
11041,11,896,41.51436226820681,45.36620199943041,11
11042,11,1359,41.736271617358625,45.294532697632846,11
11043,11,1279,41.70899711111486,45.376312327437205,11
11044,11,1601,41.71002145588727,45.473814695476854,11
11045,11,1604,41.678929871798125,45.50754463362498,11
11046,11,1437,41.585898788095,45.54540399670503,11
11047,11,1304,41.575653472257045,45.54988364495582,11
11048,11,1262,41.58891995197557,45.5617590175926,11
11049,11,609,41.6085013657735,45.512171183636674,11
12001,12,1298,41.74697287282803,45.781102751325186,12
12002,12,1283,41.75926238402637,45.78932651084718,12
12003,12,1140,41.7601405675756,45.80131107032593,12
12004,12,1470,41.76322179419461,45.821095649115605,12
12005,12,1253,41.74899096736711,45.79456582513048,12
12006,12,1354,41.85575367312074,45.64731293639816,12
12007,12,968,41.83336996712914,45.66199197996133,12
12008,12,1014,41.8322153754475,45.67427964858884,12
12009,12,1293,41.82674016360252,45.679593598395606,12
12010,12,1536,41.81619795287381,45.68346051151772,12
12011,12,1571,41.826866612524924,45.712105612914584,12
12012,12,924,41.809904522507075,45.729829661331586,12
12013,12,366,41.79755596047988,45.73598768765618,12
12014,12,1517,41.807860238694445,45.75187519915381,12
12015,12,1449,41.81568470968578,45.759898749415,12
12016,12,1553,41.819612571524914,45.77383349822764,12
12017,12,1357,41.78969459916746,45.742479960582635,12
12018,12,1121,41.79351627864215,45.76783945028938,12
12019,12,1250,41.77571331434881,45.76733363130236,12
12020,12,832,41.76874931024356,45.784819431531844,12
12021,12,261,41.800527748299224,45.8226716717113,12
12022,12,1395,41.72895150091301,45.79887581003807,12
12023,12,1133,41.73902595893144,45.814959952011755,12
12024,12,853,41.72519956817387,45.82521908931981,12
12025,12,996,41.718466174558664,45.80858418462406,12
12026,12,1520,41.706679311803136,45.81682428514074,12
12027,12,1511,41.7148393750585,45.848753000253794,12
12028,12,1043,41.701408239455034,45.8409650359457,12
12029,12,1502,41.69445837465717,45.851383863913426,12
12030,12,992,41.69419903899354,45.87251935108814,12
12031,12,1306,41.679452096769744,45.87924094255299,12
12032,12,1472,41.682824648771465,45.897030161297074,12
12033,12,1422,41.665381628069085,45.89730969493911,12
12034,12,826,41.62169280269439,45.79095625652219,12
12035,12,1084,41.65071461906945,45.7795391375583,12
12036,12,1003,41.65650111025341,45.66224234976844,12
12037,12,1124,41.65487113879755,45.689065407102525,12
12038,12,660,41.67905666688092,45.67123986045837,12
12039,12,1243,41.67932857594982,45.691726642658914,12
12040,12,485,41.65718425711183,45.70785586457333,12
12041,12,1195,41.659773572805996,45.731265213946045,12
12042,12,418,41.70922237086977,45.75866837097612,12
12043,12,1391,41.761186499540955,45.76536543024433,12
12044,12,399,41.68455243001942,45.71172697617458,12
12045,12,928,41.71586161458916,45.831812233221434,12
12046,12,1015,41.738972671370014,45.79079795238239,12
12047,12,1042,41.747461168546174,45.81324952563589,12
12048,12,1065,41.84959141195058,45.68591499372371,12
12049,12,1173,41.74961979489487,45.84029093211295,12
12050,12,291,41.84417941807607,45.65893528619169,12
12051,12,60,41.75410097261675,45.568921122663916,12
13001,13,1026,41.619326447259496,45.920644088734214,13
13002,13,27,41.60563173625858,45.93125372349621,13
13003,13,1007,41.65194211122736,45.906306754229064,13
13004,13,1177,41.6542866383288,45.92167638295915,13
13005,13,889,41.643287375534314,45.930901766306675,13
13006,13,793,41.63111323942991,45.952216082742154,13
13007,13,1299,41.62394830353597,45.96526917269193,13
13008,13,1277,41.619385680619644,45.96404806580793,13
13009,13,1339,41.61522821821851,45.95060181356708,13
13010,13,1367,41.613320362676816,45.96770572435726,13
13011,13,1322,41.62316504955552,46.0084816263031,13
13012,13,1461,41.58428161828126,45.94136826441282,13
13013,13,1422,41.60449267185784,45.98297440973891,13
13014,13,1183,41.592023899625254,45.98274443065198,13
13015,13,1023,41.597399476713655,46.001609075861104,13
13016,13,234,41.62172559269383,45.93316955588427,13
13017,13,950,41.57646263709322,46.020153466715904,13
13018,13,829,41.583219231422234,45.979910063519434,13
13019,13,287,41.5319589731621,46.107174362780995,13
13020,13,193,41.517008858036434,46.13241111374881,13
13021,13,911,41.55298326605878,46.055619673164784,13
13022,13,1463,41.61051847809201,45.89280877724835,13
13023,13,672,41.59661117136154,45.85681027991506,13
13024,13,498,41.57076690513752,45.83608716773809,13
13025,13,229,41.59894371551553,45.89817611799156,13
13026,13,859,41.58052914154069,45.8575431648074,13
13027,13,438,41.58686650124766,45.91179158384038,13
13028,13,970,41.56333251147431,45.890446702415474,13
13029,13,1481,41.542809307732185,45.870822282893016,13
13030,13,964,41.62375363951985,45.91940169053982,13
13031,13,1231,41.65232428914311,45.924616015655374,13
13032,13,905,41.57048195710178,45.99363323066872,13
13033,13,651,41.542658736940695,46.047128239697344,13
13034,13,832,41.57364659822468,45.87298884607824,13
13035,13,621,41.560103099704946,45.8440681983555,13
14001,14,1441,41.462663451727536,46.10782799161127,14
14002,14,1456,41.48096923229966,46.121577470380345,14
14003,14,1381,41.46777544080919,46.111369459460754,14
14004,14,1335,41.535505745371985,45.95875208445424,14
14005,14,943,41.5493703206256,45.991731072349005,14
14006,14,1143,41.481258737368464,45.980608349596984,14
14007,14,1206,41.46613474990192,46.086666667389274,14
14008,14,1042,41.42684759059771,45.87480370234529,14
14009,14,1085,41.571620448448165,45.95689076078444,14
14010,14,483,41.561926820556074,45.9775244442555,14
14011,14,1153,41.45976595173121,46.142480082353075,14
14012,14,1268,41.43445472028113,46.39742289271427,14
14013,14,811,41.3995896283746,46.36673201763562,14
14014,14,1080,41.386999019056795,46.429821544359484,14
14015,14,718,41.3733358479648,46.50354234101449,14
14016,14,1155,41.419510659759496,46.48939940979477,14
14017,14,518,41.49212337769248,46.07454085278881,14
14018,14,378,41.317884060881745,46.65302143408072,14
14019,14,1272,41.454830951928095,46.107949783006674,14
14020,14,842,41.44619590560865,46.12428938971442,14
14021,14,653,41.44877391474703,46.15950463681461,14
14022,14,829,41.482623994275606,46.07517021982967,14
14023,14,994,41.35330293058109,46.59000919073788,14
15001,15,1619,41.82827960770887,46.27277899525515,15
15002,15,1544,41.80060923432898,46.2686830358905,15
15003,15,1481,41.81246515659677,46.279744216721596,15
15004,15,704,41.794807592396026,46.29480933006217,15
15005,15,1465,41.811707440411425,46.2478430164664,15
15006,15,1105,41.82220757323725,46.20484922898998,15
15007,15,940,41.85413829903723,46.22365585846308,15
15008,15,1171,41.79489327886802,46.19085438233036,15
15009,15,783,41.807210705646156,46.148102931209195,15
15010,15,1299,41.74969097982154,46.141937872054974,15
15011,15,876,41.738270039478984,46.10857900616809,15
15012,15,560,41.74820855444839,46.16945767440253,15
15013,15,1361,41.717695312017895,46.110118404489235,15
15014,15,1591,41.78640099010964,46.137036562376444,15
15015,15,1227,41.779491075296214,46.102204494152694,15
15016,15,1545,41.84270064990981,46.166150365437936,15
15017,15,753,41.8271183996,46.14443419329907,15
15018,15,1513,41.83611539306902,46.12480899939772,15
15019,15,1774,41.831840558796884,46.132003268632694,15
15020,15,1567,41.83668639683368,46.112997572854,15
15021,15,1493,41.860508605009684,46.15152663720957,15
15022,15,1317,41.861384689730535,46.138674542289,15
15023,15,483,41.868117024792234,46.11588491428933,15
15024,15,903,41.82972565593098,46.071386377486455,15
15025,15,1601,41.80338272413422,46.03785068409374,15
15026,15,1418,41.821220167779096,46.03486477404491,15
15027,15,908,41.78531278240988,46.013502590851104,15
15028,15,754,41.83544657752233,46.01633993422978,15
15029,15,1458,41.80638276706538,45.973317001179836,15
15030,15,1376,41.83656087620807,46.278494871717726,15
15031,15,448,41.81562396678571,46.23477109908106,15
15032,15,750,41.78320680940959,46.16060493749358,15
15033,15,531,41.802821479530486,45.9977960591462,15
15034,15,635,41.81015917824838,45.95020616458308,15
15035,15,782,41.84375494670157,46.12183604115311,15
16001,16,1360,41.95640458019409,45.82275628977524,16
16002,16,1388,41.95862182754372,45.805848762623036,16
16003,16,1293,41.950560866118444,45.80946033992735,16
16004,16,1268,41.93864826812181,45.80346096855099,16
16005,16,1445,41.97023314186408,45.824010651096295,16
16006,16,731,41.866416630914486,46.05720593509866,16
16007,16,662,41.83183089333997,45.9368498957199,16
16008,16,1442,41.91852501096555,45.9810014608432,16
16009,16,1571,41.89802501694745,45.97882555295948,16
16010,16,1276,41.9026389287262,45.97197007679976,16
16011,16,274,41.89733834739777,45.99118252569339,16
16012,16,401,41.909314382948516,45.956806453734046,16
16013,16,268,41.89478927534077,45.926875801526094,16
16014,16,805,41.874072929797194,45.93290076965971,16
16015,16,401,41.90603871786534,45.92152746180495,16
16016,16,416,41.90137447738008,45.86514711923093,16
16017,16,491,41.878661090528645,45.835872034982785,16
16018,16,756,41.88616547949157,45.82328843925469,16
16019,16,1394,41.85618667655471,45.852552832630565,16
16020,16,1279,41.8417173389302,45.89344479797527,16
16021,16,1580,41.98563309009778,45.7080886488665,16
16022,16,1269,42.000288565702654,45.73378230771622,16
16023,16,1213,42.007395804068054,45.71961641339241,16
16024,16,1370,41.99148711215776,45.66959996945013,16
16025,16,1212,42.01039932720795,45.692269871822795,16
16026,16,494,42.03023377356636,45.68300851018533,16
16027,16,782,42.024928806208976,45.637495248357034,16
16028,16,297,42.00761717004966,45.5886552572975,16
16029,16,1351,41.93782500225714,45.82147770571458,16
16030,16,1142,41.88396913210471,45.895667937048835,16
17001,17,1574,41.91141974565114,45.47484582484718,17
17002,17,1301,41.91942269965775,45.4755135053683,17
17003,17,1494,41.91210760538804,45.48724587606518,17
17004,17,1426,41.91672787134263,45.48551949993004,17
17005,17,1152,41.91750285758335,45.50087021138423,17
17006,17,1145,41.92674056457657,45.51976224329326,17
17007,17,1255,41.92423785294411,45.5016799587582,17
17008,17,1548,41.92099168444284,45.48820400473337,17
17009,17,1515,41.921820279757334,45.477711884462416,17
17010,17,996,41.93180276699938,45.480192540244175,17
17011,17,954,41.934562969670765,45.4731678303623,17
17012,17,1596,41.92482475800359,45.46402027269532,17
17013,17,1499,41.91983513422015,45.45607611696275,17
17014,17,902,41.864121237412775,45.62302595184155,17
17015,17,804,41.868274402578145,45.60747221929888,17
17016,17,1042,41.98447376904935,45.49496954562743,17
17017,17,1368,41.94793525635754,45.46154924944022,17
17018,17,1071,41.92928167337485,45.43058231122634,17
17019,17,277,41.86476160920882,45.3046771077788,17
17020,17,846,41.965822253508364,45.39293349044001,17
17021,17,869,41.897771427840844,45.54420677334802,17
17022,17,450,41.931521519391275,45.54979856238807,17
17023,17,1034,41.9228678918386,45.57889984174295,17
17024,17,856,41.92637357686727,45.48852583861748,17
17025,17,1138,41.946829145439295,45.513256388470516,17
17026,17,903,42.049999798716094,45.51672125573972,17
17027,17,634,42.06032294536913,45.571725671953764,17
17028,17,1178,41.94236339313156,45.416010214161886,17
17029,17,745,42.045963079760575,45.490817920001525,17
17030,17,880,42.07224132977573,45.49916898123347,17
17031,17,116,42.05453808782062,45.476360192617534,17
17032,17,1531,42.093284641992014,45.43747013818137,17
17033,17,483,42.07801479813617,45.423371623584195,17
17034,17,114,42.14179792716487,45.41396791903739,17
17035,17,1218,41.877341709669395,45.57881288715594,17
17036,17,984,41.880919327768744,45.60425127087125,17
17037,17,1596,41.97580460130494,45.44473374217298,17
17038,17,1648,41.96306305378104,45.44595521353034,17
17039,17,1635,41.96966730511274,45.420729885936936,17
17040,17,1253,41.91485507989966,45.51780094953992,17
17041,17,1108,41.90053852621542,45.597340612502805,17
17042,17,1498,41.89112908749336,45.56740641809682,17
17043,17,1230,41.95692769941613,45.419441013548834,17
17044,17,543,41.914666713164024,45.4661375781155,17
17045,17,988,41.92765484449497,45.5085623569919,17
17046,17,929,41.95407518684084,45.493874043602915,17
17047,17,711,41.90134600289875,45.49527035221797,17
17048,17,966,41.95202485125303,45.58680970354438,17
17049,17,1472,41.936766951025426,45.494272737226495,17
17050,17,1127,42.01959936671102,45.51962751505901,17
17051,17,1086,41.94374420780097,45.38631614115518,17
17052,17,917,41.88735376253999,45.665639068992434,17
17053,17,905,41.90882335806526,45.55748604056231,17
17054,17,1413,41.99280705480825,45.42951705985829,17
18001,18,1547,42.03301786831794,45.21312110444552,18
18002,18,1584,42.04403804221305,45.193112732890135,18
18003,18,1331,42.04866649944772,45.21684493639274,18
18004,18,1277,42.02860068207955,45.196881033872124,18
18005,18,1115,42.14893639139012,45.294375838141775,18
18006,18,1164,42.043245415052844,45.28172933053316,18
18007,18,1359,42.04327458936674,45.31363619754288,18
18008,18,311,42.15157779479876,45.324329370854635,18
18009,18,1414,41.95877960215258,45.340697267354514,18
18010,18,262,41.28731019287288,46.46587502036334,18
18011,18,1652,42.06699085951186,45.17930370594024,18
18012,18,1191,41.9999285046996,45.31884793839197,18
18013,18,935,42.088600614678185,45.35470851426286,18
18014,18,28,42.40407152180243,45.524200297239055,18
18015,18,1102,42.013132744034806,45.38350054534714,18
18016,18,451,42.00600022493008,45.34349242973043,18
18017,18,986,42.132572211263096,45.24537485525992,18
18018,18,1160,42.05001897435655,45.34209201694039,18
18019,18,1550,42.064184384958736,45.37922580410231,18
18020,18,1306,41.9924976917542,45.287096129438616,18
18021,18,538,41.975201038011775,45.306790329269596,18
18022,18,237,42.05195918146515,45.11843679605367,18
18023,18,1309,42.184454293954474,45.308313903285786,18
18024,18,824,42.18176357724986,45.324310133527604,18
18025,18,1584,42.0276098461362,45.248201199610705,18
18026,18,1219,42.116378144278706,45.281256097075584,18
18027,18,938,42.0567810880423,45.24606977436626,18
18028,18,1528,42.08738992641734,45.215160538834844,18
18029,18,893,42.00447439455448,45.2651828480947,18
19001,19,1199,42.12091586903797,44.965543892293724,19
19002,19,1166,42.09992110556877,44.94747700004526,19
19003,19,405,41.98391699570071,45.03629904257113,19
19004,19,259,41.95783737656426,45.046273174324966,19
19005,19,304,41.91975938994066,45.12306058962085,19
19006,19,193,42.20755917017632,44.98839497771421,19
19007,19,112,42.17315177538205,44.98796866675619,19
19008,19,581,42.14098175116939,45.018972620192955,19
19009,19,655,42.13884995122163,44.88910464268727,19
19010,19,218,42.164066826444724,44.90355036690213,19
19011,19,731,41.94841159985874,45.009864105123846,19
19012,19,951,42.092289664278404,44.990079703373475,19
19013,19,253,42.00745293932715,44.89930307270696,19
19014,19,310,41.97987574716544,44.90620047600276,19
19015,19,391,42.01076046691933,44.93924943458106,19
19016,19,599,42.12069228593583,44.907915546320886,19
19017,19,687,41.94831589493219,44.939394872302515,19
19018,19,222,42.042144664626875,44.94908626180621,19
19019,19,798,41.979086959624624,44.96397718223823,19
19020,19,1039,42.14284497286147,44.97374751328876,19
20001,20,1035,41.577802581910554,44.98298228844863,20
20002,20,1032,41.565217317938504,44.98583968524028,20
20003,20,1239,41.569581431924085,44.955837181452104,20
20004,20,1410,41.56132271257884,44.98299190528028,20
20005,20,1297,41.56392758287829,45.02573447767107,20
20006,20,770,41.561385406039875,45.024404409332405,20
20007,20,1415,41.52594226232006,45.015385747883514,20
20008,20,1265,41.572188275332174,45.01654833893782,20
20009,20,1424,41.559856599218975,45.00932501933381,20
20010,20,1420,41.553710553340295,45.00253238154694,20
20011,20,1184,41.54520768702853,44.99418905457644,20
20012,20,1132,41.58916140294409,44.95716288304239,20
20013,20,1496,41.55808059211802,44.97871099358999,20
20014,20,1128,41.56316788462905,44.97418162042886,20
20015,20,1308,41.575161092826534,44.98903240808663,20
20016,20,1551,41.572739364404605,44.99452459671218,20
20017,20,1456,41.54489182985448,45.012471881789814,20
20018,20,1533,41.5429647341412,45.017320325305434,20
20019,20,1408,41.53650968601675,45.01623956404735,20
20020,20,1394,41.54318937177756,45.006462577750824,20
20021,20,1383,41.54596773921167,45.042513287849665,20
20022,20,1036,41.550566401367604,45.018000996134404,20
20023,20,1180,41.54656625154165,45.01962993670468,20
20024,20,1554,41.54660608461696,45.007107721430984,20
20025,20,1192,41.55105594962393,45.01268056301394,20
20026,20,1038,41.5404929072331,45.01335419252277,20
20027,20,1122,41.538387623833174,45.01060959093962,20
20028,20,1255,41.531707031274756,45.01366450159612,20
20029,20,1272,41.535865070110546,45.00851283076834,20
20030,20,1429,41.54823120280827,44.98695615780675,20
20031,20,1100,41.55267323455884,44.98193067594413,20
20032,20,1363,41.55004414055633,44.988077239530924,20
20033,20,1484,41.57064770882057,44.96627460735197,20
20034,20,1299,41.5691708035076,44.972266085531835,20
20035,20,1348,41.55961706607701,44.99047042412466,20
20036,20,1395,41.562306317109744,44.99920478552011,20
20037,20,983,41.573880355084135,44.98148815163227,20
20038,20,946,41.57069826144312,44.985642846040314,20
20039,20,1438,41.57087691844581,45.009062249165055,20
20040,20,1345,41.5568237209669,45.028008444922776,20
20041,20,1386,41.552400873003386,45.02252946310276,20
20042,20,1320,41.56758688750609,45.034065673056574,20
20043,20,1134,41.55988163021196,45.03916119627657,20
20044,20,887,41.54447058003633,44.98409276034968,20
20045,20,1306,41.53759133470834,44.981883361446485,20
20046,20,1336,41.54874536249352,44.97999873456177,20
20047,20,1370,41.55220645606268,44.974205134993255,20
20048,20,1504,41.5516418505469,44.995992738527534,20
20049,20,1213,41.553594527749105,44.988625901998255,20
20050,20,1404,41.51763744733864,45.04628870196172,20
20051,20,1255,41.52609843279151,45.06748767338093,20
20052,20,1254,41.5289333566889,45.051854477897116,20
20053,20,1272,41.568602909464126,44.991227634971786,20
20054,20,1365,41.56662569390624,44.99469880242823,20
20055,20,1461,41.56669388012366,44.975650526643676,20
20056,20,1375,41.564798789351265,44.97983630752683,20
20057,20,946,41.58180100305558,44.991946017577604,20
20058,20,1244,41.575555760760466,45.00126163864508,20
20059,20,1432,41.58024898702205,44.977231077399196,20
20060,20,1086,41.57617828068056,44.963816984649924,20
20061,20,1384,41.52362402367604,45.005028919034345,20
20062,20,1238,41.53679434597697,44.99997316596409,20
20063,20,1361,41.511534361579706,45.03280882316483,20
20064,20,1104,41.509175751520765,45.02232290481968,20
20065,20,1403,41.53203089291818,45.02280393322538,20
20066,20,1393,41.525552356875615,45.03552983961896,20
20067,20,1354,41.56608701203832,44.96585809232574,20
20068,20,1198,41.56463606621775,44.968816881532675,20
20069,20,1385,41.55968662025234,44.97059900616993,20
20070,20,1374,41.55532854909478,44.97462062547053,20
20071,20,1259,41.55818565522959,45.01681088791187,20
20072,20,1250,41.537143376469224,45.031851697202015,20
20073,20,1200,41.55760884858938,44.98489399710533,20
20074,20,1089,41.56852170043176,44.9630954575419,20
20075,20,1405,41.5695695707016,44.9684324744458,20
20076,20,1437,41.56904631208909,44.977827031938006,20
20077,20,1381,41.57168578530766,44.98022606638003,20
20078,20,1329,41.57670382278743,44.98565113255931,20
20079,20,1304,41.55078274564659,44.976704653480446,20
20080,20,835,41.56945256654564,44.98891301989794,20
20081,20,1331,41.545328094174856,45.01078464644596,20
20082,20,807,41.56687321611868,44.982304573947125,20
20083,20,1359,41.56451961001076,44.99117611982486,20
20084,20,1074,41.57258940959291,44.96924084150255,20
20085,20,1206,NA,NA,20
20086,20,1117,NA,NA,20
20087,20,1216,NA,NA,20
21001,21,1495,41.464302661310434,45.072522194783645,21
21002,21,1347,41.45700799268376,45.08286380634187,21
21003,21,1394,41.44696933240304,45.09531560897056,21
21004,21,480,41.47259168316934,45.08673778187441,21
21005,21,1382,41.46259071563335,45.102732705875866,21
21006,21,1361,41.48543958128632,45.1032463451294,21
21007,21,1059,41.47763289720456,45.119470455773865,21
21008,21,1368,41.46840084588149,45.12822269416516,21
21009,21,1666,41.455924557604135,45.11248372157995,21
21010,21,1439,41.64124511280509,45.04441480200785,21
21011,21,1574,41.60028318413708,45.00565238266871,21
21012,21,913,41.645771762232414,45.09507547753878,21
21013,21,1512,41.580424776696276,45.092533596366685,21
21014,21,1281,41.771296384904176,45.09120392156188,21
21015,21,374,41.81582361233741,45.0713477441837,21
21016,21,196,41.724265719735676,45.098827083195815,21
21017,21,272,41.60559489330851,45.03534802411237,21
21018,21,1201,41.58650988695673,45.038729858745356,21
21019,21,1288,41.651966469571676,44.99521437270772,21
21020,21,1349,41.65626215112334,45.02733357812665,21
21021,21,1461,41.37660891777688,45.11650184188536,21
21022,21,710,41.40362646854085,45.14794401244705,21
21023,21,1493,41.63949245126652,44.832719582878795,21
21024,21,595,41.6412474243309,44.87639944109591,21
21025,21,1347,41.50766788518503,45.07401929675417,21
21026,21,1553,41.488269052238984,45.05556142248304,21
21027,21,1325,41.47617146896153,45.06099491543866,21
21028,21,972,41.617361299241516,44.910336160436664,21
21029,21,992,41.61391049562399,44.86642396667287,21
21030,21,335,41.453108177689096,45.224429517297324,21
21031,21,914,41.54009692855403,45.1654320216436,21
21032,21,831,41.49487885307071,45.24974558469779,21
21033,21,1144,41.78388828812742,45.04442439795454,21
21034,21,834,41.813943559559206,45.01297202425693,21
21035,21,1420,41.75649910279338,44.99467367786197,21
21036,21,1322,41.76676049125004,44.971351615312955,21
21037,21,260,41.74022820814421,45.04069955304215,21
21038,21,1462,41.688670090252614,45.05800984831771,21
21039,21,737,41.76612907334888,45.057702431989526,21
21040,21,1751,41.412895631333875,45.12133147277186,21
21041,21,1445,41.38602945395272,45.0959520035001,21
21042,21,1427,41.435035156411615,45.14913033828516,21
21043,21,1528,41.798423864305725,44.94839928458993,21
21044,21,1273,41.833974177763615,44.93725952769527,21
21045,21,61,41.7762304459649,44.918766906897915,21
21046,21,1230,41.715886429154416,45.14967448091452,21
21047,21,1447,41.70501961250744,45.18237247290986,21
21048,21,795,41.64826395597291,45.16086324555762,21
21049,21,1509,41.75414669971713,45.155276690912395,21
21050,21,1873,41.73336658368208,45.15566720274879,21
21051,21,1163,41.6899746886038,45.15362669219636,21
21052,21,1844,41.41229284024555,45.08666795566971,21
21053,21,1434,41.43969685787589,45.10747565426866,21
21054,21,1426,41.46755213205842,45.14666477935026,21
21055,21,1696,41.4539053888684,45.172184703208984,21
21056,21,578,41.42821895210368,45.18245000179333,21
21057,21,1459,41.600068542762685,44.80986318053888,21
21058,21,1547,41.61606144046831,44.96474121162317,21
21059,21,1726,41.629833542605084,44.95435746329648,21
21060,21,701,41.60647408256105,44.97762667262008,21
21061,21,1402,41.62802527539984,44.99621265500928,21
21062,21,1681,41.444676442658675,45.12726973293991,21
21063,21,535,NA,NA,21
22001,22,1595,41.490247734082146,44.7945239087516,22
22002,22,1554,41.48435842768886,44.81032112309222,22
22003,22,1371,41.46779356813183,44.81226197254508,22
22004,22,1423,41.49361786074872,44.806590330806216,22
22005,22,1356,41.469647334609775,44.82277075662775,22
22006,22,922,41.512334921082164,44.7823310845886,22
22007,22,1233,41.45187122279982,44.827603914022006,22
22008,22,912,41.35188061173802,44.76604542953279,22
22009,22,1194,41.32450135575418,44.704268326844705,22
22010,22,1327,41.43514220793822,44.92352733858422,22
22011,22,1524,41.4414679315438,44.88045380648158,22
22012,22,1208,41.45017160029246,44.878450707610355,22
22013,22,1709,41.42616019333932,44.91708204482191,22
22014,22,1369,41.42968605357545,44.9472690188849,22
22015,22,1419,41.44411596086683,44.904087275129584,22
22016,22,529,41.22012992394253,44.573284155070894,22
22017,22,203,41.236855689738036,44.58459445985086,22
22018,22,1538,41.29280279539934,44.79604683958453,22
22019,22,705,41.32746910234031,44.822871362765845,22
22020,22,256,41.282463076259965,44.75852698094899,22
22021,22,1419,41.438360366049636,44.747811194306315,22
22022,22,1130,41.292387391876375,44.887478346201064,22
22023,22,1228,41.32339190199764,44.90485012451677,22
22024,22,722,41.29836730829537,44.843999412660224,22
22025,22,1138,41.32738103010591,44.87050580746125,22
22026,22,1554,41.43870015504922,44.82556159745013,22
22027,22,1122,41.4281397152514,44.831754667174636,22
22028,22,419,41.252297731285736,44.64549437469313,22
22029,22,1747,41.231334040014225,44.752826022939225,22
22030,22,1681,41.231416023247114,44.78090002895878,22
22031,22,1728,41.25138975436583,44.763243656108315,22
22032,22,1616,41.364104745202894,44.88491544815441,22
22033,22,486,41.21675492795481,44.85673175973176,22
22034,22,1056,41.417249674154284,45.035091285821345,22
22035,22,1269,41.40884054738474,45.010034038308575,22
22036,22,1284,41.37915558855694,45.03010641601314,22
22037,22,1484,41.443481240764534,45.008915084809104,22
22038,22,1098,41.43709823237462,44.991068131548126,22
22039,22,869,41.464105991346734,45.00087763901107,22
22040,22,1308,41.39788952124534,44.91826172958577,22
22041,22,1560,41.39279326854311,44.98124379539215,22
22042,22,1313,41.362672443569316,45.013688787175525,22
22043,22,1264,41.34782357093557,44.94458252340831,22
22044,22,1367,41.33870951448267,45.01132904781165,22
22045,22,353,41.3515435820354,44.994573889419634,22
22046,22,950,41.40929244562191,44.941162778765694,22
22047,22,1070,41.335844153379774,44.927315156784374,22
22048,22,1687,41.49311869484148,44.747548965620325,22
22049,22,1595,41.49177979528582,44.769565890900935,22
22050,22,1426,41.460738357692044,44.76718622192001,22
22051,22,871,41.38048181783112,44.88416075427915,22
22052,22,1260,41.37126399003187,44.85177016775261,22
22053,22,2025,41.3769491453877,44.92400745654115,22
22054,22,883,41.393863139469886,44.82588469317983,22
22055,22,1590,41.35978906031312,44.827465808998305,22
22056,22,1341,41.348693329394,44.85453655777493,22
22057,22,912,41.33959548540774,44.79506067023405,22
22058,22,1388,41.34904115385284,44.83551726844684,22
22059,22,1177,41.409556471054735,44.80689881479035,22
22060,22,427,41.283832267546956,44.6849470421718,22
22061,22,690,41.225672126365446,44.68668054155401,22
22062,22,562,41.24532617095016,44.74066208640819,22
22063,22,194,41.230711308764576,44.715967649104186,22
22064,22,929,41.470117686659314,44.80051096061838,22
22065,22,1636,41.451322015600816,44.8416156808269,22
22066,22,1456,41.499734408622686,44.80809572552686,22
22067,22,1330,41.473663928399034,44.809520601743536,22
22068,22,1129,41.4970160961254,44.81615060199899,22
22069,22,1418,41.49137009711333,44.820876147157186,22
22071,22,1140,41.38391385555653,44.78172332033107,22
22072,22,1251,41.435366942551,44.90359304973087,22
22073,22,866,41.42880380360224,44.96434631730523,22
22074,22,559,41.31283232014454,44.77354934601407,22
22075,22,467,41.44067948864012,44.77982849996639,22
22076,22,1195,41.32760715682088,44.862466153956035,22
22077,22,1046,41.32907621136517,44.917391593736816,22
22078,22,1270,41.41810736290004,44.82407127736599,22
22079,22,1658,41.26154370091826,44.79064618221064,22
22080,22,791,41.42959783575258,45.02618474111442,22
22081,22,1093,41.4018112920657,44.89874750781319,22
22082,22,1224,41.31358030715696,44.937717624178255,22
22083,22,1562,41.466047571590806,44.79527706988829,22
22084,22,958,41.355860093349094,44.86910850541903,22
22085,22,1126,41.48881849875748,44.80323169122151,22
22086,22,755,41.49912132484716,44.795882342118766,22
22087,22,308,41.354410160666376,44.74994467560111,22
23001,23,1070,41.459287341472375,44.529069116548904,23
23002,23,1313,41.442599580516706,44.523972058732795,23
23003,23,1360,41.4781327799395,44.572633571833606,23
23004,23,1383,41.45587784479119,44.56999981666452,23
23005,23,1398,41.46087021042541,44.54938303618485,23
23006,23,1324,41.43720575450282,44.56546949330881,23
23007,23,257,41.472507781252816,44.722343083487395,23
23008,23,482,41.452383391335474,44.73267520341618,23
23009,23,712,41.456526679684565,44.7008653324865,23
23010,23,869,41.472739687648215,44.73721601174754,23
23011,23,1646,41.37470617732833,44.441132158859126,23
23012,23,1599,41.38460844114433,44.4092960254418,23
23013,23,1666,41.37455297252679,44.405891358543734,23
23014,23,785,41.363332313220084,44.39662027270522,23
23015,23,829,41.4679898491014,44.46432943753959,23
23016,23,208,41.47021613564403,44.389590265293826,23
23017,23,566,41.42639675279619,44.38899022952254,23
23018,23,723,41.44692177227482,44.39876086137651,23
23019,23,121,41.4675864543145,44.41867991796898,23
23020,23,1426,41.41725532900182,44.733945841902575,23
23021,23,578,41.437130201468385,44.38909586964377,23
23022,23,1505,41.38888193301906,44.522928886340196,23
23023,23,431,41.35895618969906,44.50112881225066,23
23024,23,293,41.352129125949276,44.511473104641816,23
23025,23,256,41.33171712701721,44.49792755076196,23
23026,23,1355,41.41175417103096,44.316185244757236,23
23027,23,1351,41.4257145789548,44.32831821816353,23
23028,23,281,41.436039383781115,44.367573437155976,23
23029,23,324,41.419478650988694,44.360127366721265,23
23030,23,1090,41.37825840105493,44.70782736632496,23
23031,23,957,41.38087949486538,44.67013225256542,23
23032,23,566,41.38301372465855,44.58565250124158,23
23033,23,813,41.39627266864317,44.56394291463599,23
23034,23,1460,41.46466661159468,44.679984930172,23
23035,23,1231,41.47908594631087,44.66740192206652,23
23036,23,1140,41.47869968783982,44.63491253652638,23
23037,23,641,41.45041301096035,44.650997974501344,23
23038,23,1064,41.425347311183394,44.633833797886815,23
23039,23,180,41.44158396452243,44.62548050390295,23
23040,23,1167,41.36615133509723,44.61188128714464,23
23041,23,1298,41.47618497186098,44.50742269143293,23
23042,23,464,41.434541414465784,44.50035861678316,23
23043,23,653,41.44759675523125,44.599999353666355,23
23044,23,325,41.404667262113954,44.59289055210742,23
23045,23,446,41.41840816324111,44.59641328773801,23
23046,23,496,41.43665344715084,44.6081874921554,23
23047,23,1450,41.39797971656577,44.670190046705166,23
23048,23,1342,41.400272173968816,44.65099421158335,23
23049,23,1360,41.379407848051,44.652455321462256,23
23050,23,1342,41.40463418905377,44.63363864787324,23
23051,23,1326,41.42585650876186,44.680164003938,23
23052,23,484,41.45737593311503,44.37697620234178,23
23053,23,1923,41.42283850410241,44.544973178955665,23
23054,23,1139,41.40739087958972,44.5498377468254,23
23055,23,1361,41.409547781638416,44.523428064027954,23
23056,23,1501,41.40350868758087,44.51840367340485,23
23057,23,373,41.444138400981515,44.45051502067417,23
23058,23,327,41.42414848689238,44.41048964935994,23
23059,23,728,41.432041069193836,44.43666913381983,23
23060,23,1103,41.42757142462128,44.46758089857757,23
23061,23,1047,41.459764842201245,44.535927509559016,23
23062,23,1066,41.47850417809585,44.70720438120763,23
24001,24,1314,41.349569233547115,44.18912826557894,24
24002,24,1262,41.319365423430725,44.1895620268322,24
24003,24,603,41.27216844634075,44.19027885650996,24
24004,24,1388,41.32460937562877,44.23414577677038,24
24005,24,696,41.29938583301176,44.25324721207821,24
24006,24,105,41.318862522752916,44.31249596585405,24
24007,24,548,41.306762590979034,44.291977360456315,24
24008,24,621,41.3447750048286,44.26795061302845,24
24009,24,479,41.324298673839074,44.25917903965705,24
24010,24,434,41.33215528395555,44.29026345654975,24
24011,24,61,41.483268952995466,44.21720934923181,24
24012,24,691,41.494737573018426,44.15923197999142,24
24013,24,111,41.22179742714202,44.31656532003622,24
24014,24,298,41.2419630942795,44.350677914356915,24
24015,24,205,41.25239106483996,44.394299818622265,24
24016,24,477,41.3545151021859,44.3058774917358,24
24017,24,673,41.36258261184929,44.346653435313605,24
24018,24,129,41.32978027039703,44.34588852416394,24
24019,24,400,41.3014589692313,44.12539902558278,24
24020,24,426,41.328578426299394,44.154359570824106,24
24021,24,358,41.356907145686584,44.2182705337305,24
24022,24,1043,41.212559371046424,44.11820342016292,24
24023,24,83,41.36438416811926,44.11342659511555,24
24024,24,692,41.354528753170946,44.14647355445374,24
24025,24,300,41.33773627989061,44.12052931094143,24
24026,24,395,41.43532224035052,44.185669472091,24
24027,24,26,41.458720274452716,44.211716969241806,24
24028,24,392,41.4067276781514,44.15380587038309,24
24029,24,655,41.38025558757482,44.169396549793476,24
24030,24,142,41.409002004331825,44.18304060343715,24
24031,24,275,41.40430520727516,44.224348552096004,24
24032,24,740,41.34303766884252,44.38211981845665,24
24033,24,119,41.25681711593539,44.269579330723374,24
24034,24,41,41.23840290862905,44.28753453511282,24
24035,24,371,41.48309660813001,44.07892787365269,24
24036,24,257,41.318620542172454,44.22782129852495,24
24037,24,237,41.303326400216896,44.21813474865347,24
24038,24,484,41.31000941923555,44.209568305523554,24
24039,24,675,41.28192524667461,44.14092326381797,24
24040,24,167,41.266481690946684,44.146887014011305,24
24041,24,45,41.45182050126512,44.10286430123206,24
24042,24,248,41.44005040734201,44.034126787564034,24
24043,24,990,41.41141002863632,44.076196015313684,24
24044,24,295,41.42074266037674,44.13280908734474,24
24045,24,305,41.37402965715937,44.07396633307739,24
24046,24,502,41.37091281403086,44.24585280976542,24
24047,24,379,41.37140702264148,44.28870066118954,24
24048,24,690,41.32754625904308,44.21656729469146,24
24049,24,318,41.34325796268608,44.33482044420951,24
24050,24,795,41.20973862585086,44.158186824024526,24
25001,25,1025,41.59270490872686,44.083690796528785,25
25002,25,1624,41.59143649276461,44.09972121759565,25
25003,25,1001,41.60507442268512,44.08882283593952,25
25004,25,817,41.59406889274171,44.05201635977119,25
25005,25,282,41.60914663449314,44.13126331533689,25
25006,25,238,41.57731397493696,44.15809473995695,25
25007,25,121,41.600956102509606,44.1892433140418,25
25008,25,629,41.5318197367424,44.103331498512745,25
25009,25,70,41.551253597861134,44.085506337267994,25
25010,25,261,41.57530609139607,44.11101821420734,25
25011,25,120,41.64772645489996,44.1270201476737,25
25012,25,218,41.55844444393316,44.166403329769224,25
25013,25,1022,41.62819897369869,44.120106806190854,25
25014,25,162,41.63094365212417,44.14469823310403,25
25015,25,550,41.68296981954673,44.0637350716045,25
25016,25,345,41.63645753620444,44.20991600564109,25
25017,25,608,41.66895773708926,44.123548749414525,25
25018,25,401,41.68299801505592,44.15753612317542,25
25019,25,179,41.69537536056918,44.21470119359651,25
25020,25,668,41.693490546041566,44.16021446029844,25
25021,25,268,41.72489190002961,44.17086012737987,25
25022,25,326,41.711344548007965,44.08524440827601,25
25023,25,457,41.62619533480251,43.98379283180895,25
25024,25,73,41.64780927531884,44.009057690635885,25
25025,25,558,41.611475198200615,43.955833978484016,25
25026,25,788,41.566231434484806,43.944979162062374,25
25027,25,923,41.58317585099244,43.88597078240973,25
25028,25,388,41.54894706020052,43.90761778351672,25
25029,25,695,41.585733907345556,43.977716202790994,25
25030,25,767,41.59505167225346,44.00632156948083,25
25031,25,558,41.61221435342172,43.900009781356054,25
25032,25,588,41.62385555583391,43.92655367449994,25
25033,25,697,41.600493942940666,43.85486966637128,25
25034,25,1094,41.653405018049014,43.811856925050066,25
25035,25,501,41.61257123102985,43.83925772802785,25
25036,25,316,41.62826568322294,43.81246693986127,25
25037,25,1537,41.671502483177505,43.82371096885068,25
25038,25,512,41.66215843057204,43.91843076945346,25
25039,25,965,41.6612118254231,43.958876268566165,25
25040,25,403,41.69586920934342,43.852696816376856,25
25041,25,175,41.696857876623646,43.79532973733731,25
25042,25,537,41.71519124350846,43.963268069136845,25
25043,25,342,41.71250254242374,43.999402046170836,25
25044,25,70,41.718049928400596,44.023584882464625,25
25045,25,331,41.7229396318842,44.03900941312796,25
26001,26,1327,41.540965566218205,44.472377798170456,26
26002,26,993,41.53799934600166,44.46219263825694,26
26003,26,1352,41.55018851524403,44.45787203510164,26
26004,26,553,41.55105829270652,44.489814586442115,26
26005,26,966,41.70212964099989,44.35916256299032,26
26006,26,927,41.706213679513944,44.391806367425545,26
26007,26,154,41.667478129465955,44.37770313138498,26
26008,26,1151,41.57696647550921,44.78239692392202,26
26009,26,627,41.57767087025763,44.76619409741224,26
26010,26,185,41.58571899167098,44.73256201507766,26
26011,26,554,41.61892020954175,44.73194493313513,26
26012,26,437,41.61787187671851,44.693476404128475,26
26013,26,199,41.61551060906041,44.72820964367655,26
26014,26,904,41.60527734564131,44.66042164046583,26
26015,26,258,41.60228282592306,44.63612630495245,26
26016,26,202,41.55969363739041,44.664685886514526,26
26017,26,855,41.57855345253424,44.62392896501404,26
26018,26,149,41.61134387795169,44.584602369427756,26
26019,26,374,41.596795373118184,44.53987081400722,26
26020,26,593,41.586278203792226,44.47981192009949,26
26021,26,404,41.56079607142452,44.58531289750848,26
26022,26,1055,41.53880810315177,44.60485836431922,26
26023,26,858,41.500174652955266,44.61546154928485,26
26024,26,353,41.50788543346531,44.709875300144716,26
26025,26,55,41.53397758855677,44.70018365981829,26
26026,26,352,41.53655892235153,44.753133459295555,26
26027,26,386,41.51920713174076,44.504590743222096,26
26028,26,141,41.53132147633013,44.5255713676243,26
26029,26,483,41.52628306448263,44.383374246505284,26
26030,26,350,41.50302087553595,44.42594327205558,26
26031,26,161,41.49207719072552,44.36077792105588,26
26032,26,42,41.585650364671096,44.245538617165096,26
26033,26,706,41.57309723557152,44.33696633095133,26
26034,26,151,41.54239063625407,44.287207578518405,26
26035,26,350,41.64025307056203,44.347065335790134,26
26036,26,215,41.71961703676,44.2845879952361,26
26037,26,544,41.69178428227886,44.43506820624348,26
26038,26,341,41.65503508771834,44.53421332494458,26
26039,26,213,41.71830102449933,44.52766970936447,26
26040,26,937,41.565912245460446,44.80716132491274,26
26041,26,1049,41.5375969307963,44.64740220443795,26
27001,27,1450,41.836730898079374,44.68093690719468,27
27002,27,942,41.83754269850246,44.698466203343095,27
27003,27,1293,41.840243987792704,44.71307571049813,27
27004,27,677,41.84168928451431,44.72509551980748,27
27005,27,1480,41.855234232341765,44.726059627177825,27
27006,27,1409,41.821153332777854,44.58396852257701,27
27007,27,1295,41.85935671382114,44.57990545575628,27
27008,27,886,41.88472693367897,44.58898717925437,27
27009,27,1349,41.81284401350094,44.52064574286187,27
27010,27,1455,41.90239291577638,44.6030861989227,27
27011,27,945,41.93788348287279,44.58187173832305,27
27012,27,952,41.92536689933107,44.62143632509355,27
27013,27,1240,41.91810794669234,44.58462359141149,27
27014,27,1026,41.97020288779734,44.55148248609715,27
27015,27,1291,41.917247198884006,44.681025528974004,27
27016,27,1237,41.95705269825228,44.61243674867228,27
27017,27,1497,41.96912300190385,44.618779684153104,27
27018,27,1416,42.245057981155654,44.58761551398094,27
27019,27,1310,41.946728196590115,44.73272721438437,27
27020,27,465,41.96969886731643,44.74469519508986,27
27021,27,928,41.971130787013124,44.67120522130673,27
27022,27,890,41.87182077604234,44.66734365872325,27
27023,27,974,41.88397524113229,44.63370945771278,27
27024,27,1360,41.961125648270134,44.654880516123015,27
27025,27,488,41.935427958015616,44.77560026081571,27
27026,27,1295,41.91660263642217,44.82621299998164,27
27027,27,971,41.892579047256454,44.857612344364426,27
27028,27,742,41.87380718023535,44.99775684359791,27
27029,27,758,41.92511090345536,44.653818561673155,27
27030,27,821,41.9356014085221,44.555929105894776,27
27031,27,1358,41.88812362730657,44.740647748410964,27
27032,27,455,41.90423485700174,44.7855273241262,27
27033,27,567,41.93169247534988,44.801396220300376,27
27034,27,1423,41.76452937535777,44.60183455269506,27
27035,27,481,41.86783454902152,44.72318139835766,27
27036,27,182,41.87751004398612,44.9294640821258,27
27037,27,769,41.742447183863085,44.677520570581756,27
27038,27,514,41.73514095112557,44.63805698273638,27
27039,27,1182,41.89704297456266,44.68200644047221,27
27040,27,1285,41.8957186648991,44.66924852015592,27
27041,27,1213,41.899127821144546,44.652784156220484,27
27042,27,912,41.92384755951751,44.68806684054015,27
27043,27,1091,41.90511893971022,44.65941839544382,27
28001,28,1353,42.086559483062075,44.685750382949784,28
28002,28,1293,42.09295886334712,44.69215707503393,28
28003,28,1426,42.084294899724604,44.69895021182366,28
28004,28,1174,42.15399448210797,44.762194842492804,28
28005,28,189,42.18678583102719,44.83333577355481,28
28006,28,114,42.2195857916606,44.770719458045015,28
28007,28,1084,42.35666649345084,44.686009967945466,28
28008,28,447,42.316452738868186,44.637022181163005,28
28009,28,519,42.160576869011216,44.68551342731339,28
28010,28,662,42.203308679186385,44.65591799784591,28
28011,28,73,42.325692028434,44.72156597482834,28
28012,28,691,42.07853250406811,44.64272460004111,28
28013,28,570,42.01367044095306,44.699010051820665,28
28014,28,509,42.03730017851161,44.70557191836544,28
28015,28,341,42.09960452943069,44.57272434344174,28
28016,28,283,42.44462829391767,44.72157373886667,28
28017,28,235,42.45677188369705,44.79552667980217,28
28018,28,443,42.0216160046181,44.832401869702835,28
28019,28,367,42.262520818432705,44.862049924515354,28
28020,28,155,42.346197549709586,44.903885397630994,28
28021,28,962,42.01617477891825,44.612519711186074,28
28022,28,220,41.989767020454984,44.62701717879568,28
28023,28,199,42.00842765611123,44.54894763317068,28
28024,28,237,42.04389916910037,44.604314352940584,28
28025,28,558,42.036049845597994,44.51355072266943,28
28026,28,246,42.03109212250289,44.5726373564006,28
28027,28,119,42.426702790403375,44.98660649475166,28
28028,28,303,42.41808366759645,45.09296253351003,28
28029,28,353,42.45753083157287,44.56805416601763,28
28030,28,256,42.42431662858167,44.607826443594305,28
28031,28,355,42.41974605096037,44.51995244649323,28
28032,28,142,42.454604730906624,44.51660381834199,28
28033,28,104,42.47398091204265,44.53410578340167,28
28034,28,143,42.56576836456925,45.13445610655066,28
28035,28,643,42.27024425725693,44.68733170109899,28
28036,28,423,42.109356797428035,44.7187615160594,28
28037,28,952,42.0834436973238,44.7598368972225,28
28038,28,448,42.11615458938019,44.66137124220901,28
28039,28,693,41.97910252823511,44.78120172833521,28
28040,28,613,42.04693902863285,44.78594057129125,28
28041,28,274,42.485069220643744,44.91738857181251,28
28042,28,153,42.541396636772724,44.95443169958697,28
28043,28,157,42.08347120259501,44.840923889034784,28
28044,28,697,42.05431067325924,44.669615048812936,28
28045,28,294,42.01531294592214,44.76325625369722,28
28046,28,98,41.95034872425383,44.82523712705606,28
28047,28,824,42.14023025025512,44.785443080789555,28
28048,28,335,42.36032583064557,44.754099335557406,28
28049,28,1477,42.07934166429142,44.69819943475687,28
28050,28,148,42.05579971028514,44.61575459164517,28
28051,28,86,42.30860049604541,44.809296034772856,28
28052,28,837,42.08951641813213,44.702259151673395,28
28053,28,1131,42.15283446918145,44.7928784953302,28
29001,29,1493,42.70630590342169,44.63809477422517,29
29002,29,444,42.65602566223646,44.69568161164422,29
29003,29,679,42.56393943811784,44.58451333324075,29
29004,29,329,42.56078918908752,44.71221726118975,29
29005,29,636,42.62308994327501,44.67504288806174,29
29006,29,1020,42.63432213421607,44.589983745496355,29
29007,29,707,42.59497018202506,44.55976393220737,29
29008,29,233,42.63324376064026,44.50057966640859,29
29009,29,101,42.60661019874991,44.40728236489915,29
29010,29,146,42.46578160455325,44.470402741758,29
30001,30,1376,41.92954129533814,44.426859948210456,30
30002,30,1417,41.940872275727,44.407172498513376,30
30003,30,1440,41.921785580457296,44.402506022930325,30
30004,30,1257,41.92617702221042,44.42056510531028,30
30005,30,1450,41.923110317679544,44.4259361267795,30
30006,30,761,41.911228609283484,44.48004647807144,30
30007,30,1307,41.919925733026304,44.54155069266359,30
30008,30,1450,41.89491586854337,44.56610706673304,30
30009,30,1426,41.893899096562706,44.34850121851863,30
30010,30,749,41.86872382498599,44.32378306758733,30
30011,30,677,41.85947032626687,44.365386500589885,30
30012,30,1014,41.90737033885666,44.383482625906346,30
30013,30,1459,41.93717099912897,44.257077984416426,30
30014,30,143,41.94924598114872,44.276623323844724,30
30015,30,1538,41.885699147101384,44.28859213657912,30
30016,30,1254,41.92639945717463,44.28964942211076,30
30017,30,1409,41.8860328146958,44.479813737480164,30
30018,30,738,41.85892538657678,44.41621237191952,30
30019,30,395,42.02860868036107,44.34045143920334,30
30020,30,794,42.00013027056728,44.34131210140726,30
30021,30,1348,42.01862334620497,44.47740408778706,30
30022,30,1443,41.93885663327721,44.34849092314301,30
30023,30,224,41.92026174114593,44.341406890823635,30
30024,30,1284,41.981252136707134,44.47978138453802,30
30025,30,713,41.981560078960754,44.504270536962615,30
30026,30,1064,41.957630076795965,44.504269282025454,30
30027,30,624,41.97332967073505,44.44022079722164,30
30028,30,733,42.00473535970603,44.42608004748746,30
30029,30,722,42.02381326329981,44.3745399404104,30
30030,30,609,41.84865485122455,44.478680645899516,30
30031,30,1461,41.89271611667629,44.2448340001616,30
30032,30,1498,41.91699768295873,44.430683855391074,30
30033,30,1504,41.91272747141948,44.44092572418614,30
30034,30,1485,41.949538333594106,44.43468484975472,30
30035,30,1096,41.93793607130437,44.22773058977413,30
30036,30,641,41.94692503298727,44.24103589202426,30
30037,30,959,41.92711773718589,44.3220643677418,30
30038,30,896,42.03075085046352,44.415308048872355,30
32001,32,1474,41.96867283057133,44.10955464179128,32
32002,32,1380,41.97111320815361,44.11070188451196,32
32003,32,1430,41.97909006020395,44.106251148866924,32
32004,32,1588,41.97515040161565,44.116291665946974,32
32005,32,1635,41.976225460464654,44.113036826867045,32
32006,32,1480,41.981244338131546,44.108868084682655,32
32007,32,1300,41.98269919933352,44.112086189974306,32
32008,32,1097,41.982205983194426,44.11724353910434,32
32009,32,1515,41.97886005978671,44.12329668911915,32
32010,32,5539,41.98719517375015,44.11558643083148,32
32011,32,1332,41.98679460910498,44.109871640693015,32
32012,32,1366,41.99027760749026,44.117742656995766,32
32013,32,1207,41.9941261293039,44.11954262320707,32
32014,32,1028,41.99694538871332,44.121942459733894,32
32015,32,1320,41.99026363654046,44.105280152502544,32
32016,32,1370,41.99203360585574,44.11051656723074,32
32017,32,1543,41.995786795054826,44.10446745024638,32
32018,32,1066,42.001431362178444,44.105520281385274,32
32019,32,1515,41.9859314218034,44.09845503345,32
32020,32,1343,41.98841277175996,44.09324795527508,32
32021,32,1502,41.987443653883545,44.09730903808697,32
32022,32,1305,41.99086247253558,44.096101951886446,32
32023,32,1304,41.98873328297018,44.09921260776131,32
32025,32,1154,41.938404069290655,44.13543689734014,32
32026,32,391,41.91280494997404,44.10216407753652,32
32027,32,570,41.94686752630811,44.06572593045541,32
32028,32,1040,42.14025281180449,44.1891052186742,32
32029,32,840,42.11053674671797,44.15674643119618,32
32030,32,930,42.145199302194314,44.12867355670635,32
32031,32,571,42.13155072068028,44.12210249452771,32
32032,32,756,42.00860291913696,44.143708023118926,32
32033,32,744,42.032514519258704,44.120632879144004,32
32034,32,1218,42.04555451959562,44.170369160010466,32
32035,32,726,42.06475634528974,44.14056481811156,32
32036,32,483,41.87461816297344,43.93803125971737,32
32037,32,195,41.83061289344462,43.860406327904464,32
32038,32,1002,42.20384303027198,44.03607979717027,32
32039,32,896,42.22134378863289,44.05701705258381,32
32040,32,1562,42.08596236259209,44.02454440084576,32
32041,32,1321,42.04887021242007,44.04327937588271,32
32042,32,473,42.06230275612345,44.00662123356589,32
32043,32,823,42.08705020853041,43.97623300770387,32
32044,32,1528,42.04143451241917,44.21670444771001,32
32045,32,946,42.07413394673864,44.25321595477095,32
32046,32,730,42.09665613646229,44.25849369431642,32
32047,32,450,42.10985003812787,44.2561136903143,32
32048,32,1307,42.07692551065127,44.09689439930486,32
32049,32,1489,42.05050612690051,44.07952301058495,32
32050,32,1275,41.987428657283736,44.05331640269,32
32051,32,1500,42.22698646565154,44.08714749324702,32
32052,32,653,42.19115371778434,44.07049323050751,32
32053,32,625,42.18916704283838,44.0933927655471,32
32054,32,1594,42.122851561434096,44.212896553583384,32
32055,32,1529,42.14115916636026,44.21915813758234,32
32056,32,1213,42.101811890967845,44.22694304095435,32
32057,32,310,42.08068943397106,44.190342007298575,32
32058,32,727,42.1987797984167,43.94148832573119,32
32059,32,1066,41.99444039395234,44.013848787798146,32
32060,32,726,41.97677890893067,44.009065016268266,32
32061,32,1534,41.99832071358842,44.08349346547732,32
32062,32,1522,42.16247649705568,44.035549610843425,32
32063,32,1198,42.18210157688383,44.009951376524356,32
32064,32,1076,42.1621842976114,44.082149584472596,32
32065,32,475,42.1322791078117,44.060036094078356,32
32066,32,886,42.16833922309269,44.10514955254632,32
32067,32,1518,41.95095671527425,44.210586237197646,32
32068,32,744,41.98036494626654,44.20110811259842,32
32069,32,1200,42.02408455452452,44.25130549215296,32
32070,32,672,42.02038038124575,44.29746751642615,32
32071,32,1219,42.13503559322615,43.986176629738644,32
32072,32,574,42.1271760218084,43.95175930632431,32
32073,32,755,42.160789493163,43.94178055782064,32
32074,32,887,42.16280073260838,43.9848385155971,32
32075,32,1391,42.114033016378656,44.044973987661336,32
32076,32,470,42.10277017534974,44.099568372498396,32
32077,32,1399,42.135468468714784,44.0918405882619,32
32078,32,1465,41.950882333701664,44.15351288966837,32
32079,32,1593,41.96757783097507,44.13464524118937,32
32080,32,1328,41.98307117704788,44.105396688813286,32
32081,32,1424,41.9785817412484,44.117218868419336,32
32082,32,1427,41.9858491977495,44.12028468393819,32
32083,32,1241,41.99637932471955,44.10912510433344,32
32084,32,1311,41.98806311137703,44.09561681832373,32
32085,32,1515,41.99256839442475,44.10688218604212,32
32086,32,708,41.98440988841209,44.12557831141114,32
32087,32,687,41.93409315778604,44.110788404404,32
32088,32,1188,42.014344298335985,44.172789235037506,32
32089,32,838,42.10121234691941,44.202846993907464,32
32090,32,865,42.019038111554764,44.06775513443426,32
32091,32,1014,42.17484850160884,44.04918897664016,32
32092,32,1152,42.15857039102564,44.06152450886346,32
32093,32,1208,42.15912701800762,44.1209129063728,32
32094,32,997,42.11322733559526,44.00239800561826,32
32095,32,977,41.99970040550619,44.12294889743289,32
32096,32,1033,41.991413727424,44.09907404487239,32
32097,32,1104,42.02909681294577,44.14262179686118,32
32098,32,1496,42.053750488954286,44.100339846967465,32
32099,32,1112,42.18460001276218,43.968894677764084,32
33001,33,1518,42.03129612346614,43.8806676614629,33
33002,33,1593,42.02250058959824,43.88984066647785,33
33003,33,1570,42.01012216965893,43.88599456325174,33
33004,33,1238,42.02970048751179,43.82640429469362,33
33005,33,1205,42.04810522388789,43.83151556085332,33
33006,33,729,42.04902428853013,43.82049209743649,33
33007,33,1047,42.08616042166135,43.75752500575404,33
33008,33,1154,42.13582748148107,43.77816951946413,33
33009,33,476,41.99235142982279,43.78238006855238,33
33010,33,1058,42.03673139627831,43.90494548606745,33
33011,33,205,41.98734347478946,43.88056930322855,33
33012,33,1229,42.084782275763146,43.92883591067195,33
33013,33,949,42.07904745732259,43.910767314557404,33
33014,33,1250,42.05773050914927,43.87508341337931,33
33015,33,707,42.11995721235646,43.755333230591354,33
33016,33,707,42.12246381455124,43.73302426427641,33
33017,33,317,42.15280602237412,43.74980016827954,33
33018,33,1179,42.14826649478619,43.89193408815198,33
33019,33,1526,42.10516054956664,43.86123974985245,33
33020,33,1283,41.97868776701017,43.94367922560015,33
33021,33,832,42.00013108251046,43.950650764698956,33
33022,33,447,41.945081268242824,43.912039294382716,33
33023,33,468,41.94918773682654,43.803060220998454,33
33024,33,131,41.93485566750336,43.7671208876633,33
33025,33,1320,41.99888305057239,43.8317899490944,33
33026,33,1156,42.05100470271772,43.7735985595834,33
33027,33,1604,42.043289769316736,43.941884272403975,33
33028,33,1428,42.03108012077255,43.95611664444395,33
33029,33,1557,42.02543822750843,43.97260161217841,33
33030,33,944,42.01516904480863,43.97617451526105,33
33031,33,1546,42.0107625859508,43.990635086700976,33
33034,33,1509,42.00416761453082,43.90381970764972,33
33035,33,661,42.115365894596515,43.879328476799245,33
33036,33,1288,42.05214648627338,43.807597860618316,33
33037,33,430,42.01785521010697,43.851741214995414,33
33038,33,737,42.06666600031391,43.82519011599669,33
33039,33,222,42.02100975981129,43.872436727460126,33
33040,33,236,42.018855868258846,43.77849410019859,33
33041,33,141,42.03747032098291,43.76753388464248,33
35001,35,1047,41.98969056573653,43.580526253436986,35
35002,35,1338,41.990604376546514,43.583848049734044,35
35003,35,1298,42.000185200647635,43.57582048994288,35
35004,35,1453,42.00051833433454,43.5833771005264,35
35005,35,1071,42.002538343265,43.58730824049202,35
35006,35,1346,42.004814899928874,43.59142412517992,35
35007,35,1163,42.00918140049627,43.60325020615693,35
35008,35,908,42.0068931285117,43.61007722014622,35
35009,35,1114,42.002633788455945,43.608182951018385,35
35010,35,1034,41.99954974151509,43.61137902637425,35
35011,35,1236,41.99523772061895,43.59228965441493,35
35012,35,930,41.9905108893306,43.593815632136845,35
35013,35,1488,41.98991004792657,43.598987347730386,35
35014,35,984,41.99300865874991,43.605871267550576,35
35015,35,680,41.971691243882674,43.68024484387138,35
35016,35,1260,42.02705968168744,43.5382001195664,35
35017,35,1208,42.038058874951794,43.54921123775083,35
35018,35,1327,42.02534249502766,43.55742978894885,35
35019,35,1297,42.01466533820315,43.58208155129194,35
35020,35,1125,42.01849490446474,43.54736259390446,35
35021,35,938,42.012170931703004,43.56935510476215,35
35022,35,488,42.00287138824349,43.556357300118265,35
35023,35,1014,42.10245795591791,43.63296871680348,35
35024,35,300,42.079025424401294,43.618476413264496,35
35025,35,727,42.05213893452514,43.65968878980217,35
35026,35,1099,42.02601838247089,43.728569484749656,35
35027,35,441,42.02027371707707,43.70480396292747,35
35028,35,1131,42.04705282044271,43.710754882783135,35
35029,35,804,42.008436869710906,43.64047707184231,35
35030,35,744,42.0711246336265,43.70997144192692,35
35031,35,437,42.09030914213618,43.710522785853506,35
35032,35,1244,41.95697171628791,43.513092086649344,35
35033,35,1264,41.97704499401031,43.48757110370463,35
35034,35,1037,41.990748654111144,43.530975698891666,35
35035,35,812,42.052201313786284,43.58472453704091,35
35036,35,1590,41.963701757935446,43.5804137395028,35
35037,35,569,42.126973462504424,43.69017495863142,35
35038,35,373,42.13984501382375,43.65113660374019,35
35039,35,459,41.98258555842741,43.72883951344895,35
35040,35,35,41.98895292435687,43.75085213699582,35
35041,35,66,41.94800518425071,43.64257353643275,35
35042,35,1356,41.99431327590413,43.611157140923275,35
35043,35,1370,41.986948959899024,43.60236496479306,35
35044,35,940,41.98383396926154,43.604348172722986,35
35045,35,1136,41.98085396165346,43.59382072649355,35
35046,35,1026,41.98347683726633,43.58289173102894,35
35047,35,1160,42.03143505407183,43.52258191056329,35
35048,35,944,41.997022492389604,43.653119759309234,35
35049,35,923,41.98431997568789,43.594035793253205,35
35050,35,996,41.98815913639138,43.60798007393786,35
35051,35,596,42.08858754331894,43.666756344170416,35
35052,35,1019,41.99279544777793,43.601546151938784,35
36001,36,1215,41.834431462739566,43.40428216179208,36
36002,36,1014,41.85648867555016,43.41056560813217,36
36003,36,976,41.847092049108646,43.40001953644079,36
36004,36,1179,41.844252022520685,43.390912289433786,36
36005,36,897,41.84237134710806,43.38066608595875,36
36006,36,768,41.83479092350088,43.378002752790614,36
36007,36,950,41.8388739701077,43.39348559715268,36
36008,36,989,41.83238792743828,43.366214565353935,36
36009,36,1372,41.828067225964396,43.3487975803128,36
36010,36,806,41.92918378668689,43.49663855694255,36
36011,36,880,41.74041300292995,43.55662161357444,36
36012,36,283,41.73587480728104,43.47648562891956,36
36013,36,1411,41.8033025723587,43.50174702944668,36
36014,36,336,41.634079992902834,43.54407319879119,36
36015,36,1220,41.759333527135084,43.24272479940099,36
36016,36,669,41.77240595366957,43.31197869805617,36
36017,36,552,41.68511839953647,43.6289998774769,36
36018,36,1576,41.737495459532234,43.30479764637531,36
36019,36,856,41.78616610178354,43.456953798664514,36
36020,36,1433,41.88146544269002,43.46081470584141,36
36021,36,572,41.90114439112153,43.43862733184838,36
36022,36,710,41.880640847761505,43.41282094623455,36
36023,36,926,41.72426328632413,43.438186610622694,36
36024,36,177,41.65052979550217,43.58479818892545,36
36025,36,1082,41.83849963050534,43.381274973063476,36
36026,36,1161,41.83265299612142,43.375219732891075,36
36027,36,954,41.838415373391854,43.38390836830043,36
36028,36,779,41.845646157721944,43.408964445219645,36
36029,36,889,41.74946103516236,43.51311624567565,36
36030,36,965,41.91211637895174,43.49728972569855,36
37001,37,1457,41.63875323439573,42.98857333507906,37
37002,37,1508,41.63558263702265,42.986175715620945,37
37003,37,1325,41.64285749993187,42.994564052685114,37
37004,37,1588,41.633635513580245,42.98055571196118,37
37005,37,1499,41.64853294993855,42.97123942820284,37
37006,37,1244,41.64350439953541,42.99057875343879,37
37007,37,742,41.65080979279703,42.998108004807655,37
37008,37,1455,41.64486612766431,43.01428396639121,37
37009,37,1194,41.6209659669026,42.866392558253615,37
37010,37,1168,41.611397140431514,42.86765528113216,37
37011,37,330,41.6384042976903,42.88847152405049,37
37012,37,1437,41.685235806751,43.1379882877969,37
37013,37,431,41.56940965494688,43.01602631283578,37
37014,37,1108,41.72374769786969,43.16610536769432,37
37015,37,655,41.706473221642824,42.94184122287146,37
37016,37,1313,41.6726976654474,43.04722436418623,37
37017,37,1055,41.63043438814247,43.03714786292325,37
37018,37,1204,41.60814634851236,42.91896990816983,37
37019,37,493,41.61103862231917,42.95118072014486,37
37020,37,685,41.70238044868988,43.002098181491476,37
37021,37,1232,41.64090243402634,42.95111288493069,37
37022,37,1434,41.56817467957471,43.08262006827211,37
37023,37,807,41.70442979187933,43.06755712188969,37
37024,37,1018,41.57955956976387,42.86640731401251,37
37025,37,668,41.58694793549108,42.88920788170499,37
37026,37,519,41.59962825418854,42.85542907907929,37
37027,37,1263,41.67853767711526,42.94037207617919,37
37028,37,1248,41.641711440896,42.987728898607294,37
37029,37,1114,41.63421034955492,42.98986301966291,37
37030,37,1389,41.641427450759764,42.99840437016663,37
37031,37,867,41.63838472223275,43.013633631540415,37
37032,37,719,41.63358970241902,42.9941638465667,37
37033,37,942,41.63576694524426,42.8653696775081,37
37034,37,469,41.63433916804718,42.91530965789693,37
37035,37,871,41.699829773907204,43.216926607224764,37
38001,38,820,41.67439147339866,42.709784283539626,38
38002,38,1070,41.756452140969536,42.83247627531163,38
38003,38,1492,41.62486374434571,42.82545601257704,38
38004,38,895,41.67533948931457,42.84423955519393,38
38005,38,1097,41.67211965358615,42.78075170117471,38
38006,38,832,41.67429446562406,42.70075267507757,38
38007,38,1293,41.69311421510944,42.84718055515912,38
38008,38,758,41.693560922671665,42.72698272476093,38
38009,38,896,41.65066123536466,42.74390596747232,38
38010,38,725,41.694321741717594,42.668215503693986,38
38011,38,394,41.724279234892734,42.59956870412639,38
38012,38,1475,41.62579234432078,42.79444321277579,38
38013,38,406,41.69720761046851,42.79061782973027,38
38014,38,827,41.68012928615421,42.748636491407645,38
38015,38,674,41.70493484137852,42.61568291739924,38
38016,38,1375,41.62978412077858,42.76652583733656,38
38017,38,292,41.74880562111493,42.569023823827386,38
38018,38,397,41.70224922646733,42.88542070972452,38
39001,39,1494,41.57980789684999,43.24718545291401,39
39002,39,259,41.567185569809844,43.25182690731827,39
39003,39,426,41.509338975089904,43.246831248468744,39
39004,39,1348,41.575398361993216,43.27949479805507,39
39005,39,75,41.50582556795255,43.3429815985702,39
39006,39,85,41.49598438230555,43.36380338979613,39
39007,39,307,41.60051393425139,43.2028405063898,39
39008,39,441,41.616116675567575,43.25974019513943,39
39009,39,419,41.41303283325279,43.34043827389745,39
39010,39,274,41.41534129309227,43.28143174115191,39
39011,39,191,41.63447163569989,43.20283594933895,39
39012,39,279,41.62619520091224,43.311778818834334,39
39013,39,111,41.56924625130117,43.18441303693788,39
39014,39,140,41.56693840992176,43.21677227379608,39
39015,39,347,41.623576592116216,43.12674325187099,39
39016,39,430,41.4485894795868,43.24676321577269,39
39017,39,237,41.473682758381585,43.315183977343644,39
39018,39,384,41.59624781912747,43.14539756108104,39
39019,39,289,41.57521498169942,43.121135501568645,39
39020,39,564,41.53155653756126,43.32615763937302,39
39021,39,221,41.50480613162088,43.28921037004166,39
39022,39,228,41.58469577637385,43.280674466217896,39
39023,39,1301,41.578075140254526,43.26597057228161,39
40001,40,1614,41.407309173320954,43.482937207297475,40
40002,40,1485,41.41514803645246,43.48281125153353,40
40003,40,1428,41.39391770204956,43.496363343049815,40
40004,40,844,41.40616971459873,43.49500376362384,40
40005,40,1000,41.5927315976325,43.44414593069336,40
40006,40,467,41.61457079588565,43.46314274992685,40
40007,40,433,41.587527927098805,43.48922790546085,40
40008,40,313,41.57009792642157,43.48734005847185,40
40009,40,693,41.54451540233778,43.399871692551336,40
40010,40,499,41.51014107599563,43.39009130516473,40
40011,40,359,41.587540832399355,43.41299932146821,40
40012,40,730,41.48073298237334,43.50567941200591,40
40013,40,770,41.4462773174052,43.50841976765001,40
40014,40,531,41.47741410775928,43.45143775098217,40
40015,40,513,41.451324232308416,43.477786624952834,40
40016,40,184,41.44813462807181,43.48274767537874,40
40017,40,679,41.54645802148471,43.505100279579935,40
40018,40,856,41.56063773911705,43.55084951569144,40
40019,40,720,41.539684015813044,43.555121715782654,40
40020,40,341,41.56098406093764,43.6070561695799,40
40021,40,286,41.52401511514738,43.60004495321299,40
40022,40,245,41.36926788420383,43.318884907418784,40
40023,40,103,41.35383389059365,43.287863988798755,40
40024,40,698,41.416843987704524,43.440372043698396,40
40025,40,1456,41.352270064191856,43.41814111093636,40
40026,40,449,41.381230393763246,43.46375107757765,40
40027,40,303,41.35422133720741,43.46593358675282,40
40028,40,461,41.50942179662339,43.49799967502437,40
40029,40,473,41.51975905017766,43.53177856897089,40
40030,40,458,41.51213161933442,43.55263235173734,40
40031,40,868,41.49796173612222,43.56732674774025,40
40032,40,627,41.46763746250837,43.588593657957134,40
40033,40,127,41.502936362904,43.523796758561964,40
40034,40,1295,41.41115860863383,43.54550068558121,40
40035,40,1076,41.41312592669962,43.5162674069657,40
40036,40,421,41.413680537055285,43.62252030705665,40
40037,40,788,41.424916922048055,43.51029865895642,40
40038,40,151,41.43743547165992,43.57035389287989,40
40039,40,68,41.386975085169,43.56745447090157,40
40040,40,625,41.256002851899154,43.27119301001299,40
40041,40,52,41.22585477650017,43.288845294441266,40
40042,40,342,41.52304773028155,43.47497668310984,40
40043,40,404,41.58027348728525,43.515701371722614,40
40044,40,452,41.577103821134585,43.545970327901856,40
40045,40,441,41.59602476294343,43.51914892353489,40
40046,40,744,41.600947561509045,43.58846923043595,40
40047,40,173,41.619557095490634,43.503593095814075,40
40048,40,111,41.56659533079811,43.52387022025426,40
40049,40,882,41.402692182830016,43.37086834732399,40
40050,40,322,41.38758763404955,43.40893967988804,40
40051,40,381,41.32411295033394,43.34947109101232,40
40052,40,121,41.31934919981783,43.29359894387407,40
40053,40,113,41.319389092622906,43.25536587988837,40
40054,40,237,41.45403922987401,43.4212907750642,40
40055,40,689,41.28886838516273,43.374275054506704,40
40056,40,707,41.3017681746049,43.41282948752161,40
40057,40,124,41.255067467948344,43.3945241392206,40
40058,40,91,41.28545821039337,43.33817146953022,40
40059,40,899,41.553176375202625,43.46326010463182,40
40060,40,253,41.46291616255926,43.37918658346617,40
40061,40,394,41.28291273174435,43.252724105370184,40
40062,40,1231,41.483840412592635,43.40910397288222,40
40063,40,564,41.36676050833573,43.51258394225237,40
40064,40,735,41.404562912958916,43.5100842220893,40
40065,40,439,41.340243312188484,43.537129961391905,40
40066,40,505,41.39059618352837,43.47887590440181,40
40067,40,1169,41.40242779592924,43.48757407816119,40
40068,40,1239,41.438185615396115,43.45712822107085,40
40069,40,749,41.37309763045605,43.36276918211608,40
40070,40,1000,41.399676892750115,43.50207014351041,40
41001,41,1554,41.26839091795331,43.59432094703112,41
41002,41,1702,41.259844128555535,43.5916610798027,41
41003,41,1391,41.27151553121211,43.58305591725558,41
41004,41,1604,41.347053750232035,43.73174089278007,41
41005,41,1018,41.34754243958127,43.79187452416212,41
41006,41,60,41.29389515112021,43.78098796012005,41
41007,41,857,41.28757767778324,43.474036519464555,41
41008,41,429,41.29320697618045,43.45485076870769,41
41009,41,946,41.27796987207485,43.47166367540027,41
41010,41,454,41.33082097515407,43.48348737193169,41
41011,41,512,41.30816415988966,43.518097024557186,41
41012,41,807,41.201674884665586,43.72130487957724,41
41013,41,154,41.20107151595317,43.64017177536805,41
41014,41,338,41.253985664703045,43.61264073616807,41
41015,41,34,41.1656567887817,43.79543741085352,41
41016,41,217,41.2446804214313,43.66053134603208,41
41017,41,100,41.18883648272018,43.75134157474929,41
41018,41,1197,41.24614612007826,43.59928131464122,41
41019,41,488,41.25292146911809,43.52292817499101,41
41020,41,214,41.210944078280455,43.60931704606641,41
41021,41,900,41.34642164622822,43.61361570380504,41
41022,41,430,41.37232051947675,43.5673421873587,41
41023,41,266,41.38297321354117,43.64594802510544,41
41024,41,256,41.32892664500829,43.57667169342881,41
41025,41,1473,41.28510760919508,43.67225586972902,41
41026,41,832,41.31071778814452,43.60533031065407,41
41027,41,628,41.29081451570359,43.70045572143127,41
41028,41,395,41.31206927274111,43.69052635952749,41
41029,41,179,41.50175340290171,43.824540867530864,41
41030,41,205,41.458643357559836,43.860941591143714,41
41031,41,54,41.44502980821433,43.79494980116729,41
41032,41,1319,41.39301797584403,43.819399010425315,41
41033,41,62,41.399714488081024,43.76239563577419,41
41034,41,854,41.32134632616493,43.53145941515124,41
41035,41,866,41.340508889063095,43.598613307600786,41
41036,41,30,41.312959335803356,43.55994640330286,41
43001,43,1489,42.579621478872035,43.439572026449056,43
43002,43,1579,42.59243642519526,43.45400778173831,43
43003,43,70,42.53307979079463,43.27842357886364,43
43004,43,282,42.716617155414575,43.67528519882402,43
43005,43,161,42.609951770449655,43.553529387900866,43
43006,43,74,42.53731666932769,43.39506839390355,43
43007,43,26,42.495912713839424,43.356527254708475,43
43008,43,196,42.554519010760984,43.47195035371807,43
43009,43,249,42.65113852889615,43.43744195558059,43
43010,43,201,42.56813178428731,43.29732102896888,43
43011,43,335,42.640994766399835,43.50953997044953,43
43012,43,92,42.61173208021235,43.48385981485252,43
43013,43,85,42.542508113794845,43.32312470951373,43
43014,43,76,42.560166556560105,43.35329480608366,43
43015,43,401,42.59227951879231,43.51689308112178,43
43016,43,503,42.790687114787445,43.46732313558711,43
43017,43,421,42.598092609791934,43.402854969234966,43
43018,43,42,42.565543495179845,43.43419883450285,43
43019,43,64,42.48460821331442,43.42312546565047,43
43020,43,84,42.52261247553546,43.4839175389098,43
43021,43,160,42.52840600040399,43.57371654468707,43
43022,43,109,42.560348450698015,43.53874467421758,43
43023,43,130,42.74360843525268,43.56818939810898,43
44001,44,360,42.65646134866061,43.297373238561036,44
44002,44,510,42.61017117094079,43.246190118482986,44
44003,44,506,42.55665550488219,43.21033324036223,44
44004,44,489,42.534418301730945,43.17109991822343,44
44005,44,1082,42.52144788717376,43.1484473834881,44
44006,44,199,42.506082414119916,43.151456012866824,44
44007,44,167,42.49646503757139,43.195043275021746,44
44008,44,140,42.49945819363207,43.24406589306099,44
44009,44,138,42.458862209672844,43.19942317034875,44
44010,44,36,42.48007356972896,43.17448019961133,44
44011,44,223,42.468745404834564,43.14666534206781,44
44012,44,265,42.43296555317907,43.122547319444806,44
44013,44,318,42.44952252371448,43.10755842444854,44
44014,44,101,42.4789496270001,43.09689324670411,44
44015,44,569,42.453732865422175,43.06499111599131,44
44016,44,110,42.499772194140164,43.039022732475274,44
44017,44,141,42.494894075013775,42.97225790698454,44
44018,44,46,42.49451371690812,43.529358007704616,44
44019,44,685,42.55502827293585,43.11732471310309,44
44020,44,281,42.53759585948784,43.13585307353571,44
44021,44,403,42.55907895630395,43.07980209294684,44
44022,44,193,42.50159337013972,43.09484034630694,44
44023,44,184,42.52566556201089,43.097355008563085,44
44024,44,330,42.53150480051258,43.057115904258204,44
44025,44,178,42.5148586423203,43.048049748575266,44
44026,44,206,42.53685438538162,43.01634075793148,44
44027,44,542,42.568870496512254,43.01468504771456,44
44028,44,562,42.590208486251356,42.99615327503213,44
44029,44,260,42.57501477482475,43.045092222481706,44
44030,44,325,42.57195344864642,42.96351039981168,44
44031,44,326,42.600828762521935,42.94446496676026,44
44032,44,483,42.56916835969708,42.92321999774603,44
44033,44,224,42.55257685067942,42.981582710858476,44
44034,44,131,42.528683986457736,42.96181050390372,44
44035,44,95,42.516235233799605,42.89856555192228,44
44036,44,71,42.53287998184453,42.88219506490579,44
44037,44,1106,42.516421333006406,43.156174714390914,44
45001,45,735,42.652248875016596,42.769416911782066,45
45002,45,290,42.570405417874966,42.84785102659703,45
45003,45,210,42.53795882045897,42.82800927399444,45
45004,45,239,42.55675047645508,42.880512975485445,45
45005,45,315,42.57441873314415,42.724044696512266,45
45006,45,489,42.568857072476725,42.67277530066466,45
45007,45,106,42.556072858984535,42.65301898731581,45
45008,45,348,42.619585102741645,42.86243687859988,45
45009,45,80,42.61053711508311,42.89746819246816,45
45010,45,131,42.59307833274524,42.87185909668662,45
45011,45,323,42.60997692569851,42.76583614946465,45
45012,45,176,42.6220567726945,42.77907134377725,45
45013,45,261,42.604670106398686,42.744897376183516,45
45014,45,251,42.64292361675746,42.708455273437664,45
45015,45,117,42.55084627723608,42.77288183130501,45
45016,45,323,42.61693430024977,42.812398089228466,45
45017,45,456,42.64678604472257,42.880164129973,45
45018,45,975,42.65078872172048,42.83635714054265,45
45019,45,82,42.6425165891748,42.8209264340148,45
45020,45,423,42.53245286884283,42.69266886455999,45
45021,45,40,42.51203146496533,42.66766174341856,45
45022,45,157,42.497695130539476,42.80835034472124,45
45023,45,246,42.52083568338031,42.795970795392456,45
45024,45,265,42.591828205772615,42.838176736259015,45
45025,45,1005,42.63228834140967,42.755484315304855,45
45026,45,187,42.579849456789674,42.790023184054625,45
45027,45,148,42.587966746513494,42.813271572586714,45
45028,45,251,42.585159878500065,42.75340147239111,45
45029,45,596,42.60307199923929,42.70209158662878,45
45030,45,243,42.61549098891338,42.667300986253636,45
45031,45,738,42.65081763604783,42.79662823363904,45
45032,45,83,42.5956662409287,42.823635580609796,45
45033,45,87,42.50407102622604,42.76695971021241,45
45034,45,352,42.623196710946786,42.74035402569445,45
45035,45,165,42.646426086641654,42.75146626461397,45
45036,45,17,42.52166175529522,42.76916666107476,45
45037,45,793,42.64152649857097,42.76599878773172,45
45038,45,101,42.63168903644247,42.786523156869734,45
45039,45,76,42.609411748630635,42.79397118362582,45
45040,45,38,42.62546871060834,42.70461580056774,45
45041,45,51,42.55248549701442,42.63403279888548,45
46001,46,1430,42.79018042828523,42.732076895430545,46
46002,46,178,42.81157047566818,42.72301191977598,46
46003,46,324,42.680415614375306,42.75678713432447,46
46004,46,131,42.70264658078634,42.765910311793405,46
46005,46,228,42.73366332636837,42.756112091754886,46
46006,46,145,42.73967915292234,42.803978104116744,46
46007,46,340,42.78722148260533,42.642230275783106,46
46008,46,117,42.80887970820421,42.55126481190149,46
46009,46,302,42.84643459966636,42.864645273735874,46
46010,46,114,42.843547335082945,42.82594619930146,46
46011,46,219,42.831796614929445,42.92223190893701,46
46012,46,456,42.84026053114453,43.01654085802058,46
46013,46,314,42.79894447339735,42.98327546154787,46
46014,46,249,42.79208284117026,43.05108616148975,46
46015,46,153,42.82714983882243,43.07286426172809,46
46016,46,48,42.88933927097183,43.18635510972501,46
46017,46,263,42.807546356840945,42.76904844120777,46
46018,46,180,42.79574721112969,42.703990578604916,46
46019,46,121,42.81673477848054,43.11782529344692,46
46020,46,212,42.77764649358244,43.07306067669585,46
46021,46,135,42.71527214561099,42.78192973755408,46
46022,46,134,42.78897460142387,42.685192040431474,46
46023,46,155,42.80807134341426,42.99761187307466,46
47001,47,895,43.0415581436889,42.718366323779264,47
47002,47,877,43.049471039400245,42.73739169141661,47
47003,47,326,43.08433993300994,42.60184502493571,47
47004,47,144,43.0512294210275,42.60428898361383,47
47005,47,221,43.02917446000398,42.585490519320004,47
47006,47,137,43.05879813865383,42.53995890583006,47
47007,47,115,43.04223361676399,42.53371254280687,47
47008,47,114,43.03079202766017,42.498612908805825,47
47009,47,61,43.02624249314651,42.54707269874322,47
47010,47,44,43.02614824944335,42.52430531712826,47
47011,47,217,42.986128060623265,42.849520479549135,47
47012,47,20,43.007736623219465,42.943576555435605,47
47013,47,85,42.94005969933683,42.91706522995109,47
47014,47,95,43.0026841511665,42.64894161409902,47
47015,47,520,43.01426705909242,42.6166559921562,47
47016,47,90,43.038447291989584,42.6451910633655,47
47017,47,96,43.05268272550906,42.43401387125906,47
47018,47,60,43.04377139854698,42.35705690154889,47
47019,47,60,42.99727186672399,42.31364490914836,47
47020,47,644,43.062049319672106,42.73147958568353,47
47021,47,106,43.034419071247,42.67205260620967,47
47022,47,264,43.05020268934755,42.868303564232406,47
47023,47,115,43.04818053777338,42.825557488086304,47
47024,47,123,43.053500360309606,42.81066793343298,47
47025,47,104,43.05448157030181,42.78784388612489,47
47026,47,236,43.08758501507972,42.36946171291776,47
47027,47,19,43.07702639945655,42.43366484434802,47
47028,47,177,42.936879324252175,43.04730404969699,47
47029,47,114,43.06282138368412,42.50130413735601,47
47030,47,21,43.076838947060445,42.47437341091713,47
47031,47,45,43.035898492657644,42.475102134799876,47
47032,47,208,42.99755374078268,42.568324083301505,47
47033,47,124,43.012124534325196,42.533687092870515,47
47034,47,228,43.01673198727815,42.80895335252247,47
47035,47,59,43.00272027171451,42.77444884163515,47
47036,47,429,43.05904573489561,42.18750554501369,47
47037,47,321,43.00684799494565,42.17818076685083,47
47038,47,560,42.96156871636143,42.208458290930885,47
47039,47,113,42.91239659956071,42.260298423301776,47
47040,47,254,42.93786532379789,42.05684133224975,47
48001,48,1213,42.013322938504345,43.203479848817366,48
48002,48,865,42.01855539380369,43.19360448532086,48
48003,48,562,42.03467849701012,43.224434195516466,48
48004,48,846,42.12309684441246,43.2713472268498,48
48005,48,311,42.11067361894643,43.22845222748977,48
48006,48,413,42.13278876105818,43.317593454436555,48
48007,48,272,42.096819620544906,43.22155410146952,48
48008,48,1053,42.033943154007126,43.106710849041235,48
48009,48,743,41.93553597767424,43.32658838976224,48
48010,48,750,41.96691047301123,43.40871144065575,48
48011,48,1279,42.04487956397562,43.126238350661815,48
48012,48,364,42.02833654398054,43.16899755771982,48
48013,48,810,42.0562778861143,43.1765093201066,48
48014,48,695,41.96795113663061,43.25492323693243,48
48015,48,368,41.9540035938266,43.27792652558379,48
48016,48,140,41.97934561699846,43.286088933160386,48
48017,48,591,41.99991441813708,43.36867084215709,48
48018,48,172,41.96118826808589,43.363306223769385,48
48019,48,359,41.98214545174783,43.32574032787925,48
48020,48,352,42.114097675080814,43.43996372736498,48
48021,48,350,42.069788732459585,43.22222226182459,48
48022,48,130,42.04384888372291,43.26301435835159,48
48023,48,545,42.000330354035555,43.260281039636304,48
48024,48,344,41.98802176501804,43.22489507109854,48
48025,48,303,42.017902636321814,43.227034527142024,48
48026,48,552,42.0130859161629,43.16451070865886,48
48027,48,725,42.07847258442957,43.271456958337986,48
48028,48,625,42.01670124669896,43.44218655539356,48
48029,48,892,42.03957022757934,43.07442460356932,48
48030,48,991,42.09838017773013,43.41624336891603,48
48031,48,692,42.01407034750344,43.133704809774265,48
48032,48,468,42.0989476465674,43.37026740720984,48
48033,48,692,42.09295251396447,43.33315714082904,48
48034,48,209,42.024565751088225,43.217159912130874,48
48035,48,233,42.03522404585685,43.15407376964128,48
48036,48,176,41.982853299153284,43.19633844811206,48
48037,48,280,42.07539782063294,43.37289551602826,48
49001,49,1301,42.18881658484802,42.9744276592923,49
49002,49,1391,42.18695627921183,42.99066612637739,49
49003,49,1338,42.16260548430575,42.95253644475249,49
49004,49,1112,42.25957215428999,43.033614499425305,49
49005,49,1062,42.24176594478986,43.02434700493686,49
49006,49,1434,42.21895230381293,42.97448330715031,49
49007,49,730,42.2284197712927,42.88846067804329,49
49008,49,408,42.276988696280625,42.98469470100521,49
49009,49,1087,42.26751658544882,42.77153724872884,49
49010,49,590,42.250056293958885,42.80325494905337,49
49011,49,1401,42.19859792849283,42.91383476580127,49
49012,49,1352,42.23840161395917,43.06703012744527,49
49013,49,677,42.217461400126815,43.063595490396224,49
49014,49,1353,42.24477067448141,42.9104641499406,49
49015,49,1382,42.27409978199199,43.09703280198932,49
49016,49,685,42.24792980830987,43.104392246898904,49
49017,49,1224,42.21994046108923,42.73445771400198,49
49018,49,1574,42.23224965592467,42.83065711661446,49
49019,49,1262,42.21315215214894,43.01276465791914,49
49020,49,1104,42.17508233741727,42.92716533818444,49
49021,49,1209,42.22745305050002,42.860545951788964,49
49022,49,1135,42.17148251130567,43.00513808506165,49
49023,49,1313,42.24423296108455,42.99101476348059,49
49024,49,1438,42.247926965450205,42.94687589374553,49
49025,49,1373,42.214800012114175,42.764624132743236,49
49026,49,1101,42.183509808336645,42.95683696762037,49
49027,49,835,42.20103545940402,43.02398609016646,49
49028,49,552,42.20310244128867,42.94787537717665,49
49029,49,754,42.222181462186434,43.1066705077239,49
49030,49,717,42.19449899305972,42.88009148987533,49
49031,49,718,42.20502772350296,42.84414713161224,49
49032,49,825,42.158045481416096,42.98005089785246,49
49033,49,282,42.18485603535928,42.725144854049226,49
50001,50,986,42.34058355922359,43.40267390213659,50
50002,50,1277,42.34524750837252,43.41035390804532,50
50003,50,1292,42.3397765017451,43.408422185142115,50
50004,50,710,42.276667480578375,43.51555902174689,50
50005,50,918,42.286818285793,43.46348082846311,50
50006,50,1030,42.31613567059111,43.480222624668926,50
50007,50,1207,42.22651202258343,43.4288328263539,50
50008,50,1403,42.24578927374822,43.52605081919395,50
50009,50,565,42.21069020054402,43.479495824686296,50
50010,50,1168,42.303234273683685,43.41456465519192,50
50011,50,1502,42.282834208853174,43.41199016542995,50
50012,50,789,42.327532724568634,43.357119669981266,50
50013,50,1406,42.30365971994539,43.379443711748685,50
50014,50,1191,42.343918865947096,43.43431629963584,50
50015,50,1178,42.35132976307243,43.46487882574464,50
50016,50,1255,42.35767490773498,43.41903180242304,50
50017,50,183,42.40068597628593,43.357578253363094,50
50018,50,1337,42.360480294328525,43.518569636508374,50
50019,50,1055,42.36947045403103,43.598895176605936,50
50020,50,779,42.2988914121482,43.545125076774234,50
50021,50,639,42.17412513476283,43.4812252790683,50
50022,50,406,42.16439196648292,43.49129965860781,50
50023,50,1150,42.24102834323258,43.4067452085383,50
50024,50,848,42.2603095770801,43.42585453260444,50
50026,50,932,42.304417172435485,43.43368408922459,50
50027,50,460,42.31995792335692,43.390754097428015,50
50028,50,1381,42.28415280603105,43.44409860864493,50
50029,50,1110,42.337672595006744,43.394513560823036,50
50030,50,755,42.30175821214674,43.45015523746633,50
50031,50,462,42.29074955199676,43.48538897501136,50
50032,50,1064,42.243624752174945,43.470423141273166,50
50033,50,448,42.320510615618986,43.5572273682123,50
50034,50,648,42.3429301549358,43.37350733459943,50
50035,50,391,42.40466426352273,43.32394725061488,50
50036,50,944,42.292344780839834,43.47280710021666,50
50037,50,227,42.18768586076534,43.567353270879046,50
50038,50,313,42.26460559917033,43.48138196633737,50
50039,50,323,42.367836362875636,43.37255295670972,50
50040,50,135,42.36144100426552,43.628122732103776,50
50041,50,631,42.31702315595404,43.442003453145986,50
50042,50,1069,42.319735254283316,43.40850496280841,50
50043,50,413,42.301531751679825,43.4916614397079,50
50044,50,1365,42.333571245584196,43.39970074244559,50
50045,50,951,42.324376907012606,43.469525633533046,50
50046,50,551,42.21909174844135,43.52061026495507,50
50047,50,892,42.34348763623046,43.439440753207315,50
50048,50,718,42.33563742839539,43.498746045983694,50
50049,50,1119,42.32879869238038,43.36661296974623,50
50050,50,974,42.322985724752805,43.432986254489634,50
50051,50,486,42.198875004394466,43.44324888300684,50
50052,50,499,42.25388541795979,43.38598233710878,50
50053,50,763,42.33802176707782,43.40007915561382,50
51001,51,1296,42.110818901128475,43.02969799159305,51
51002,51,1222,42.109607560680494,43.041193027074954,51
51003,51,1191,42.112840180856615,43.05087721444698,51
51004,51,1297,42.10585420740562,43.03662095780862,51
51005,51,1143,42.104340166073534,43.028355504324765,51
51006,51,1419,42.10002040216566,43.04944566768435,51
51007,51,1317,42.104603671775735,43.046329414000915,51
51008,51,1115,42.10050453786722,43.03452030000522,51
51009,51,1467,42.10671278578435,43.01338843113315,51
51010,51,1462,42.10943663239766,43.01372542200613,51
51011,51,1096,42.08343667822174,43.093622772289145,51
51012,51,1419,42.19504023879004,43.17436461550453,51
51013,51,1009,42.153544062243384,43.08918143563433,51
51014,51,1067,42.1328373056624,43.0645539122049,51
51015,51,968,42.18134382512839,43.03391559418305,51
51016,51,898,42.074773978333376,43.123879232302365,51
51017,51,1437,42.082657151064524,42.997453452307,51
51018,51,1488,42.09340377789171,42.984983315776965,51
51019,51,1033,42.05350742268706,43.03550463284806,51
51020,51,1129,42.08143446034909,43.055868551087656,51
51021,51,957,42.06143598891858,43.078416823182025,51
51022,51,1079,42.09692875982261,42.92352952215763,51
51023,51,916,42.11187161168256,42.931822668937,51
51024,51,1317,42.15122207644865,42.910610340334046,51
51025,51,349,42.12885426821776,42.92869816262724,51
51026,51,1038,42.11898371176512,42.974810515633294,51
51027,51,1143,42.09508040354855,42.95575314318178,51
51028,51,1048,42.16996416338887,42.8217682976325,51
51029,51,921,42.1599903700275,42.8708624211501,51
51030,51,993,42.1135584849734,43.12020100054594,51
51031,51,606,42.11705925325115,43.09226546411051,51
51032,51,690,42.07701771810476,43.0821073498527,51
51033,51,1238,42.18059744222253,43.08803942429723,51
51034,51,1337,42.199210447689,43.085342000489455,51
51035,51,887,42.201605611891004,43.05434788907949,51
51036,51,971,42.117719292005006,43.024362916471226,51
51037,51,1254,42.13935800041492,42.98783654109072,51
51038,51,660,42.138714105324766,43.02888462449833,51
51039,51,866,42.13255684200155,43.17712379092274,51
51040,51,1043,42.07627446245301,43.030470045219374,51
51041,51,1048,42.091342664516105,43.1636882909524,51
51042,51,1174,42.10856034713685,43.05670507385686,51
51043,51,1040,42.0975283026046,43.07067637821254,51
51044,51,1140,42.116731246535736,43.03453378756075,51
51045,51,1345,42.109494166325234,43.03630500086393,51
51046,51,945,42.106580311171605,43.02192918833443,51
51047,51,1302,42.09823185040847,43.05847986638477,51
51048,51,1263,42.11488816891903,43.04394318555284,51
51049,51,928,42.147569522830594,43.11230626490075,51
51050,51,900,42.12171669394233,43.01410802075659,51
51051,51,799,42.082478265753316,43.01808520114152,51
51052,51,561,42.1585180912548,43.02645504239701,51
51053,51,853,42.06525820664184,43.09860954648342,51
52001,52,1220,42.072882096958466,42.8286484231093,52
52002,52,1035,42.047133833563684,42.81349273071414,52
52003,52,1035,42.07695966202283,42.82110815428594,52
52004,52,1234,42.092412606942446,42.800208100544,52
52005,52,1066,42.05409084549376,42.78991292082799,52
52006,52,966,42.08543768435201,42.775398171882415,52
52007,52,597,42.059507990897174,42.75628490656878,52
52008,52,1002,42.10888998657538,42.72198189664171,52
52009,52,1061,42.144007269462136,42.71144724519355,52
52010,52,317,42.13254589207756,42.71392803297305,52
52011,52,1108,42.11928351163001,42.76072172253163,52
52012,52,1423,42.11641634802035,42.80423737031154,52
52013,52,1513,42.092170182671964,42.834404718916765,52
52014,52,995,42.09348451641658,42.86186325192691,52
52015,52,1094,42.10300401797144,42.895516902494776,52
52016,52,1022,42.06396410110587,42.84818893468744,52
52017,52,453,42.040741585897536,42.848012728729266,52
52018,52,308,42.01988241245409,42.82496308978191,52
52019,52,349,42.05860043275973,42.874637228532826,52
52020,52,268,42.05398869071358,42.93563477214454,52
52021,52,308,42.027343768519394,42.984087496401145,52
52022,52,603,41.95040395516391,42.96889517792983,52
52023,52,932,42.07722441585419,42.81327667004966,52
52024,52,834,42.10926299853275,42.83913702760819,52
52025,52,674,42.07355773913254,42.792262829591934,52
52026,52,813,42.0942075467265,42.752603305652755,52
52027,52,620,42.10998259863298,42.69646715647472,52
52028,52,526,42.08618672679385,42.88031794992282,52
53001,53,1358,42.09168776810974,42.51129108468441,53
53002,53,1400,42.072686441607104,42.49815380944434,53
53003,53,1443,42.09462621447601,42.52023760246767,53
53004,53,1095,42.09122924199154,42.63685396252362,53
53005,53,422,42.06520884499194,42.6351866324862,53
53006,53,1268,42.07593236492148,42.60822814243004,53
53007,53,360,42.02712565743377,42.51478664687243,53
53008,53,1222,42.0677911794706,42.66311967948207,53
53009,53,1363,42.05667564318018,42.58046737948967,53
53010,53,1193,42.05715539035409,42.53531033456288,53
53011,53,1081,42.09399648142754,42.67396631554871,53
53012,53,654,42.067079557202234,42.47262045406339,53
53013,53,826,42.07293141331471,42.72784269789912,53
53014,53,691,42.06979853047078,42.54633242045928,53
53015,53,771,42.02072258343945,42.65568387520586,53
53016,53,877,42.01382357487083,42.57076291869687,53
53017,53,851,42.07060632310797,42.433942765862945,53
53018,53,522,42.052699180827574,42.448817610557256,53
53019,53,710,42.02715865762016,42.69533215030463,53
53020,53,744,42.059979215003345,42.71117121962206,53
53021,53,733,42.02100884480361,42.46110777399975,53
53022,53,1416,42.10015198861391,42.45964259436512,53
53023,53,859,42.10900055450425,42.42854458333563,53
53024,53,1162,42.09325154156226,42.48525776723405,53
53025,53,505,42.01601785205689,42.6186932063596,53
53026,53,335,42.05344385876513,42.614127249702236,53
53027,53,387,42.0613821558571,42.688953650619474,53
53028,53,602,42.06090650790851,42.59121443264724,53
53029,53,776,42.08045560668967,42.6906480466739,53
53030,53,916,42.07789513381762,42.53820272343647,53
53031,53,315,42.12812748026095,42.42742913200427,53
54001,54,1294,42.16999839267215,42.34130435696762,54
54002,54,1010,42.16356117768478,42.34338177565115,54
54003,54,975,42.16963477171678,42.34647302471608,54
54004,54,1331,42.16195803107229,42.3316663612991,54
54005,54,1359,42.148411800171054,42.31381507933782,54
54006,54,1337,42.13982403467124,42.33323584512931,54
54007,54,1469,42.1513837743462,42.34527656653209,54
54008,54,1441,42.16560063842377,42.38646723023436,54
54009,54,1188,42.13702681666917,42.320635213868975,54
54010,54,1403,42.17705910880822,42.31265959256474,54
54011,54,1365,42.171827138705595,42.379752049213266,54
54012,54,927,42.173892814836066,42.33497834018739,54
54013,54,1187,42.18394555643926,42.33582962774769,54
54014,54,1435,42.151843083985774,42.35671257133466,54
54015,54,808,42.16505538208785,42.3734110382667,54
54016,54,740,42.199647906577255,42.302509172455125,54
54017,54,482,42.23289167038486,42.3111468820963,54
54018,54,1049,42.25505572059837,42.34476114163886,54
54019,54,398,42.22874624994867,42.38087896780244,54
54020,54,737,42.20160617657777,42.38850600051692,54
54021,54,994,42.199452918107355,42.35612478710332,54
54022,54,1171,42.19711043034545,42.40276848801846,54
54023,54,911,42.19239961021128,42.4389956195603,54
54024,54,597,42.23460821614888,42.41322764237131,54
54025,54,1350,42.2374026017703,42.4542438444484,54
54026,54,1050,42.210199632493016,42.44759354243923,54
54027,54,967,42.14421607884006,42.49117839813341,54
54028,54,1458,42.103681160783275,42.40654573154048,54
54029,54,1002,42.09187098050896,42.37631364432069,54
54030,54,708,42.07856330349843,42.41058605479266,54
54031,54,397,42.07196390177755,42.36800896202038,54
54032,54,140,42.044139211916125,42.4117132407129,54
54033,54,423,42.090173139838534,42.31489341728959,54
54034,54,896,42.09545955586188,42.28292281811774,54
54035,54,1159,42.086713995526495,42.23803648010275,54
54036,54,485,42.06641268807504,42.2714754201777,54
54037,54,406,42.053366345418496,42.31048543340258,54
54038,54,219,42.06897423491893,42.3285352644791,54
54039,54,1284,42.178538907332666,42.38002785444346,54
54040,54,1264,42.18123041048084,42.3655372978913,54
54041,54,1372,42.16924508851246,42.35817746757695,54
54042,54,1448,42.15358442300561,42.3014785861098,54
54043,54,992,42.17597673135982,42.35360635990595,54
54044,54,1234,42.18418930831039,42.34973111731073,54
54045,54,810,42.15905857303379,42.36519748513568,54
54046,54,933,42.21403304659836,42.33825734985218,54
54047,54,443,42.168472828322415,42.39850959787694,54
54048,54,995,42.18871294037385,42.419001029986525,54
54049,54,472,42.10575873775512,42.3335118139776,54
54050,54,872,42.17033795499994,42.35058709952779,54
55001,55,1398,42.333253299217155,42.415252704404914,55
55002,55,1397,42.32368062919591,42.39498265608995,55
55003,55,1429,42.32251017358601,42.43939085964203,55
55004,55,1388,42.32832014510316,42.44155611545638,55
55005,55,964,42.44349579442624,42.53311085942271,55
55006,55,676,42.26595892936046,42.42950187858693,55
55007,55,989,42.26323283139382,42.47857935176599,55
55008,55,814,42.35747906731001,42.51976858362923,55
55009,55,363,42.303982686695676,42.43771052263221,55
55010,55,863,42.29896142215424,42.422388673218634,55
55011,55,288,42.50388258335455,42.55312448870512,55
55012,55,921,42.28965767560788,42.46932065675096,55
55013,55,466,42.31972542799538,42.45536796806647,55
55014,55,1420,42.377846286369156,42.4456203899209,55
55015,55,230,42.422087814355855,42.46819060878462,55
55016,55,709,42.35744851145267,42.431121835701596,55
55017,55,876,42.35268840225462,42.4030223577775,55
55018,55,879,42.34346639703173,42.45349688745481,55
55019,55,298,42.388098076836286,42.486190282321274,55
55020,55,1118,42.26243644352104,42.37686614223584,55
55021,55,458,42.278218796343864,42.39802918244713,55
55022,55,401,42.43575466681158,42.583705054321214,55
55023,55,83,42.46380863145981,42.609550828916404,55
55024,55,1272,42.48771790424157,42.62251283305997,55
55025,55,100,42.403499225000886,42.46451157157412,55
55026,55,1418,42.33806758230228,42.430345818844124,55
55027,55,1366,42.33705015986941,42.40202408613739,55
55028,55,952,42.30329492057289,42.38627659875171,55
55029,55,706,42.30605035701266,42.47462936653762,55
56001,56,1271,42.29168151160832,43.28165255262149,56
56002,56,1079,42.28277260046956,43.275045475446895,56
56003,56,960,42.31396213935762,43.33679543094904,56
56004,56,1066,42.28664133314157,43.287145057356945,56
56005,56,907,42.28119159312798,43.284459470352786,56
56006,56,918,42.29262734694909,43.274453756071026,56
56007,56,1367,42.28925871340492,43.27458040587693,56
56008,56,987,42.28889286380981,43.27227689920145,56
56009,56,1378,42.2896053975495,43.26810402403698,56
56010,56,1080,42.2922811423844,43.29915321242494,56
56011,56,275,42.29887462864639,43.30942264211134,56
56012,56,257,42.28636475502111,43.31915602374107,56
56013,56,205,42.29589042527531,43.318716945920656,56
56014,56,51,42.29955259980343,43.31662986386694,56
56015,56,1347,42.27120798165184,43.20271882993044,56
56016,56,963,42.28185041354185,43.23393465282789,56
56017,56,461,42.23878373872478,43.21727789797033,56
56018,56,517,42.253628902710446,43.175602054549316,56
56019,56,711,42.28500159242308,43.138662888163466,56
56020,56,581,42.33632901961916,43.13210564337327,56
56021,56,1094,42.31388126676871,43.1857109624366,56
56022,56,1236,42.33591583659198,43.17358981558685,56
56023,56,1457,42.3141413151846,43.230626286426684,56
56024,56,409,42.31124631911059,43.28079577449011,56
56025,56,678,42.34394378529271,43.25811294977614,56
56026,56,902,42.31361598736354,43.29425550772399,56
56027,56,1104,42.345486906308984,43.28224069667176,56
56028,56,529,42.390469051886015,43.26905790257857,56
56029,56,1293,42.34021192713965,43.329041372052686,56
56030,56,453,42.372051967493476,43.32365033307993,56
56031,56,1034,42.31505501562506,43.333002205871125,56
56032,56,1136,42.278085725044185,43.36459798721685,56
56033,56,809,42.287679719537195,43.37214907213174,56
56034,56,701,42.272687589641706,43.32961785347349,56
56035,56,1347,42.256989668627504,43.313504611387216,56
56036,56,483,42.26073250147909,43.27259491768115,56
56037,56,611,42.24400803692415,43.326262303487546,56
56038,56,624,42.23846098379724,43.371483670257284,56
56039,56,579,42.22502701506968,43.344180407868286,56
56040,56,870,42.1896451387783,43.396993858120034,56
56041,56,1167,42.17078204206283,43.33679623845724,56
56042,56,462,42.185851342867004,43.28152601869221,56
56043,56,1054,42.22798340333825,43.30507674930466,56
56044,56,591,42.23041546627243,43.28003007256086,56
56045,56,390,42.172381193164185,43.234365253027505,56
56046,56,848,42.28667892962141,43.27624385263628,56
56047,56,992,42.29274599271476,43.27555386796335,56
56048,56,630,42.284680281123315,43.27050589889371,56
56049,56,747,42.22432916369969,43.3665125682412,56
56050,56,689,42.334893549850825,43.16542194456002,56
56051,56,534,42.364554829873256,43.289963979537845,56
56052,56,643,42.29716466418563,43.34034750750109,56
56053,56,301,42.25163932220893,43.35484825527434,56
56054,56,578,42.25334997444762,43.24308268454876,56
56055,56,349,42.15384822280609,43.36451299650718,56
56056,56,145,42.16419741464719,43.2794642247403,56
56057,56,719,42.287265679646374,43.282680296139056,56
56058,56,757,42.2728700057836,43.13060193496024,56
57001,57,474,42.34928166933407,42.99178460659878,57
57002,57,1235,42.34948547276333,43.0157232114749,57
57003,57,1026,42.3363957615321,42.99826368257956,57
57004,57,900,42.34479118085282,43.03839387494285,57
57005,57,1197,42.335665848815964,43.025339851098785,57
57006,57,953,42.337156673800216,43.05429648750674,57
57007,57,1166,42.32627672115325,43.04437774356081,57
57008,57,1282,42.31308947347135,43.03988216562931,57
57009,57,589,42.32619841581881,43.10439798162296,57
57010,57,302,42.31264756246413,43.087197587675675,57
57011,57,455,42.29571299968845,43.0651357668218,57
57012,57,601,42.29957179430771,42.955666614065294,57
57013,57,717,42.33047734725468,42.942892721489365,57
57014,57,320,42.31487051924777,42.92508210558826,57
57015,57,292,42.348350324956094,42.95709798208894,57
57016,57,487,42.3440947597335,42.89493673869077,57
57017,57,294,42.32783709239226,42.876534311513595,57
57018,57,1075,42.3333682983361,42.81320123953266,57
57019,57,134,42.3562090733306,42.8175608654418,57
57020,57,648,42.283702712802516,42.87142091059313,57
57021,57,983,42.30990764514072,42.774461818037985,57
57022,57,476,42.297012092034244,42.76878879788004,57
57023,57,436,42.304593844465714,42.758271490417755,57
57024,57,244,42.39152071335911,42.79118506284501,57
57025,57,380,42.37220259152522,42.814526198382964,57
57026,57,253,42.36892132237782,42.85809848618014,57
57027,57,437,42.40585259896249,42.854280694587956,57
57028,57,59,42.42767010025707,42.85631125311983,57
57029,57,671,42.387541034679856,42.92921116733426,57
57030,57,138,42.425893150009436,42.913532904092605,57
57031,57,1041,42.323755477267085,43.02508506487666,57
57032,57,973,42.305080645851625,43.027715758410956,57
57033,57,840,42.310549606111586,43.008790891353804,57
57034,57,478,42.32348684058695,43.005392928076084,57
57035,57,1028,42.31623939575068,43.01666304269236,57
57036,57,711,42.349740261961706,42.981857001337836,57
57037,57,562,42.32652064586023,42.8073633513336,57
58001,58,823,42.331190787693,42.59141368853147,58
58002,58,1375,42.33126860868432,42.60786588705213,58
58003,58,1217,42.32232040711873,42.61013034244984,58
58004,58,1326,42.321441479846236,42.59931388797432,58
58005,58,870,42.31147904582999,42.60027175145975,58
58006,58,627,42.30568836718052,42.59083167084694,58
58007,58,1007,42.31789964424431,42.58803499463648,58
58008,58,1144,42.1882131136929,42.69368538685077,58
58009,58,1180,42.16157654357188,42.6692941991954,58
58010,58,582,42.16220137951395,42.69301971930616,58
58011,58,1152,42.30977255839936,42.56752937753945,58
58012,58,487,42.303117572704004,42.51877693657938,58
58013,58,777,42.29367754712556,42.574282298226095,58
58014,58,1349,42.29093135493248,42.66065234946555,58
58015,58,1457,42.288153651061485,42.62320963840265,58
58016,58,679,42.327362443441054,42.6292242498561,58
58017,58,199,42.457829045701644,42.82233252787431,58
58018,58,456,42.46923449885711,42.81487199804588,58
58019,58,789,42.23740306329289,42.524639314919625,58
58020,58,897,42.252761676623805,42.5535472970095,58
58021,58,1313,42.249110020125116,42.584957076432204,58
58022,58,979,42.273617229033434,42.550847316459404,58
58023,58,213,42.474952118458646,42.78860082483261,58
58024,58,223,42.460280876087985,42.712825065720786,58
58025,58,1116,42.18102971866651,42.61366582197402,58
58026,58,551,42.210708790053964,42.615371671580505,58
58027,58,188,42.20015864701135,42.64667870713691,58
58028,58,151,42.41350844036844,42.67637302194956,58
58029,58,355,42.367986096313686,42.70419723694019,58
58030,58,655,42.359457591703475,42.68953808504636,58
58031,58,408,42.331534234414995,42.6783300932142,58
58032,58,223,42.295070169368444,42.697961534759315,58
58033,58,1072,42.14397357186125,42.613346967436385,58
58034,58,1265,42.12832012261383,42.63720146996945,58
58035,58,949,42.15369294692466,42.65588175198196,58
58036,58,1108,42.335860566623914,42.71039535412103,58
58037,58,393,42.38279225405413,42.724235832566364,58
58038,58,317,42.321207016610686,42.726862446469205,58
58039,58,121,42.32961815453752,42.75067073814397,58
58040,58,789,42.141458053739285,42.55252912893965,58
58041,58,704,42.147914547428805,42.579510304755765,58
58042,58,1347,42.213814731837694,42.5371491535662,58
58043,58,1145,42.20917659953294,42.57421944753452,58
58044,58,990,42.18187730555409,42.52517924396127,58
58045,58,1201,42.231856401270434,42.60929941987625,58
58046,58,737,42.2175315386714,42.667464927071386,58
58047,58,797,42.40177454994918,42.58137270624296,58
58048,58,916,42.386187090856296,42.60364936874882,58
58049,58,1126,42.364665408289106,42.638479913813846,58
58050,58,1020,42.35795684278818,42.599988094147946,58
58051,58,840,42.339725873898985,42.59179426533928,58
58052,58,488,42.33286335474236,42.549566968933576,58
58053,58,670,42.327665283220554,42.59884311162822,58
58054,58,468,42.32835701025079,42.5952080588126,58
58055,58,795,42.32460982357779,42.59381520824919,58
58056,58,738,42.33130211152139,42.59833364599879,58
58057,58,486,42.242571350041246,42.65696737645257,58
58058,58,221,42.315797245468296,42.60648641136865,58
58059,58,870,42.308590551313436,42.6057045621223,58
58060,58,1315,42.30426049706516,42.60666222017904,58
58061,58,1025,42.3006341108488,42.60158975219821,58
58062,58,933,42.2393159332116,42.63978993260394,58
58063,58,639,42.18920317581871,42.666338488478814,58
58064,58,354,42.31701133195256,42.54424170360898,58
58065,58,922,42.336242204861364,42.64823332714591,58
58066,58,591,42.13296180631266,42.59101058388957,58
58067,58,1216,42.29677628330123,42.599892605599265,58
59001,59,968,42.263011762029606,42.61125048710067,59
59002,59,1433,42.26338850872578,42.642810520941495,59
59003,59,1376,42.262122687011434,42.627147501083364,59
59004,59,1183,42.268866036669465,42.67101754046278,59
59005,59,1379,42.26597535483607,42.65161239955916,59
59006,59,1154,42.26623758870916,42.66103437469471,59
59007,59,1365,42.253928915815926,42.63534990760313,59
59008,59,1363,42.25383285823421,42.60776995450448,59
59009,59,1312,42.252085902504206,42.622144510566265,59
59010,59,14108,42.25238961084218,42.648593153534186,59
59011,59,13410,42.26114644786744,42.66706984197222,59
59012,59,12407,42.258717768020695,42.65938158313491,59
59013,59,1034,42.24585365174505,42.66559959947937,59
59014,59,1452,42.23456389152514,42.66702100101526,59
59015,59,1313,42.25076225460448,42.67157296961275,59
59016,59,1202,42.229486379045234,42.682152409876124,59
59017,59,1305,42.22981059361654,42.67109017420947,59
59018,59,1482,42.225428277891204,42.69349758915191,59
59019,59,1197,42.24189974985244,42.68769757876947,59
59020,59,1341,42.23533479110828,42.69561645080426,59
59021,59,1526,42.235419998928656,42.68601905621047,59
59022,59,1456,42.24272110515805,42.696138813214525,59
59023,59,497,42.24069279513304,42.6755664655697,59
59024,59,1468,42.240387948813996,42.68041774701563,59
59025,59,1456,42.239972991319476,42.677632236727945,59
59026,59,1333,42.24824125927942,42.68091300317871,59
59027,59,1330,42.24658051826673,42.683547354146704,59
59028,59,1413,42.24889018559673,42.68431830185823,59
59029,59,1285,42.25164105613967,42.69859337542966,59
59030,59,1436,42.25166889870357,42.6919074600826,59
59031,59,1179,42.24695022484776,42.69708993745428,59
59032,59,793,42.24769101691528,42.68980807909674,59
59033,59,934,42.25108128343643,42.686128269568734,59
59034,59,1366,42.25705508800829,42.68855749750082,59
59035,59,1398,42.25407284367693,42.68754465710251,59
59036,59,1263,42.255733340604216,42.68372434884826,59
59037,59,1478,42.25366154262507,42.67647092347876,59
59038,59,1414,42.25577090268699,42.67948074631901,59
59039,59,1455,42.25845051461175,42.67504427619385,59
59040,59,1561,42.25803271340294,42.67091214953923,59
59041,59,1457,42.25969982995503,42.67793394281096,59
59042,59,1432,42.260314473689746,42.68697674702967,59
59043,59,1386,42.26020522121172,42.682088799476304,59
59044,59,1419,42.26015674296288,42.690791937830724,59
59045,59,1338,42.255233827364556,42.693647754727884,59
59046,59,1444,42.26030782359939,42.69567520021551,59
59047,59,1445,42.25703959857758,42.69403602534255,59
59048,59,1520,42.25845242185205,42.694813076356034,59
59049,59,1000,42.25780731678043,42.69862178912089,59
59050,59,1231,42.25798686976099,42.70217067049449,59
59051,59,1498,42.25855903417546,42.70039123014086,59
59052,59,821,42.21464943081176,42.70238841449252,59
59053,59,1014,42.20503939267516,42.71806023614905,59
59054,59,1502,42.22366202487434,42.71622199683235,59
59055,59,1472,42.23888169751235,42.7057503200996,59
59056,59,1295,42.24014844454307,42.71715679750817,59
59057,59,1513,42.25774091594866,42.706005898256706,59
59058,59,1481,42.24947498468054,42.705729257015626,59
59059,59,1407,42.253425701410315,42.70641193804597,59
59060,59,1498,42.255842238567986,42.713284139637636,59
59061,59,1189,42.25127790231954,42.712993278395615,59
59062,59,1138,42.258937188636594,42.7103446390326,59
59063,59,1502,42.25312451098135,42.724840657220824,59
59064,59,1540,42.244307003864066,42.722916759969486,59
59065,59,1512,42.25383475843951,42.71916866143001,59
59066,59,1443,42.26332693708221,42.72619242519179,59
59067,59,1044,42.25856640411428,42.717677654759115,59
59068,59,1341,42.25940371195709,42.71988723199351,59
59069,59,994,42.261259954392905,42.723039517296364,59
59070,59,1225,42.26334813051616,42.71546278680811,59
59071,59,1366,42.25717330136334,42.71616890698672,59
59072,59,1270,42.258812972619396,42.714860273495034,59
59073,59,1341,42.26074256427972,42.71460270481116,59
59074,59,358,42.26285958073949,42.67417736961824,59
59075,59,648,42.26679611896399,42.679872230049504,59
59076,59,1218,42.26756365196816,42.675837268361036,59
59077,59,1567,42.2649439780285,42.67618868908779,59
59078,59,1401,42.26496116804985,42.683379762936795,59
59079,59,1475,42.263484974255846,42.68091293477433,59
59080,59,1284,42.262469299927,42.6831604063714,59
59081,59,1392,42.264339186162374,42.68610201221579,59
59082,59,986,42.266198513476915,42.68611083410722,59
59083,59,1593,42.263083088169104,42.68990583049667,59
59084,59,842,42.26267463507482,42.686470221798785,59
59085,59,1326,42.26551497106737,42.69034171575536,59
59086,59,1447,42.262983956126675,42.692881141001955,59
59087,59,1310,42.26441301055694,42.6922994724902,59
59088,59,1297,42.26613194294905,42.69693968152271,59
59089,59,968,42.26247947701512,42.696797602927575,59
59090,59,1278,42.265921870592805,42.69401791636084,59
59091,59,1275,42.265798772323166,42.70055370054764,59
59092,59,532,42.26320769177087,42.70150589192611,59
59093,59,1239,42.26809240891063,42.699219235248655,59
59094,59,1486,42.265384647106515,42.70640515940388,59
59095,59,1261,42.26515082605681,42.70410363629238,59
59096,59,1261,42.26281723033346,42.70917363586298,59
59097,59,1068,42.2676849759605,42.70547483114928,59
59098,59,1432,42.26648359603852,42.71067497691989,59
59099,59,1236,42.26761206569649,42.71441684536333,59
60001,60,1487,41.93248312350899,41.994691221398035,60
60002,60,1277,41.930679718687394,41.977189184064585,60
60003,60,1127,41.921326341762125,41.985952258581015,60
60004,60,1353,41.928228052256735,41.992115957301145,60
60005,60,1101,41.93323594617813,42.01335031501452,60
60006,60,1314,41.92477543559052,42.00218551847636,60
60007,60,1521,41.92880400632417,42.0249383395857,60
60008,60,1438,41.9174226847427,42.00866310253002,60
60009,60,1138,41.92143104521199,42.01582521938779,60
60010,60,790,41.9079973243144,41.97942078041531,60
60011,60,1616,41.901787321236824,41.90408123412435,60
60012,60,1174,41.91825656135855,41.902439170568236,60
60013,60,843,41.89760412479988,41.95051863378415,60
60014,60,690,41.993483050370934,41.773166787752004,60
60015,60,352,41.91421059840493,41.99602298908919,60
60016,60,851,41.96934475797381,42.03645517375585,60
60017,60,810,41.95973093435404,42.1528484029891,60
60018,60,269,41.979291733421014,42.15438451252837,60
60019,60,954,41.97625068332474,41.98436648731833,60
60020,60,899,41.9485404540157,42.10782158246514,60
60021,60,874,41.96335484736702,42.08246808822638,60
60022,60,505,41.962162407884826,42.122718974183144,60
60023,60,1583,41.92463571745838,42.046370804877235,60
60024,60,1241,41.950347402981194,41.958822982907094,60
60025,60,1238,41.944404635027574,42.05904366487914,60
60026,60,847,41.93988368414898,42.08593530645266,60
60027,60,763,41.91097558099703,42.154621295892454,60
60028,60,373,41.92378750818507,42.12929612351993,60
60029,60,776,41.96666888398816,41.87305451539909,60
60030,60,1268,41.9812623583491,41.91990420165052,60
60031,60,1155,41.88418773343562,42.00442003583307,60
60032,60,1019,41.85179725544684,42.00759802283847,60
60033,60,1566,41.891820088415706,42.05042647316049,60
60034,60,1274,41.94635260806542,42.02391792154437,60
60035,60,1605,41.95274251006828,41.895093039003044,60
60036,60,723,41.93615032919558,41.859203912046475,60
60037,60,624,41.943156988128585,41.902493823760054,60
60038,60,680,41.93310339503335,42.17639829768422,60
60039,60,919,41.98844045303426,42.110870487136594,60
60040,60,1480,41.92762992788739,41.816028027263116,60
60041,60,1006,41.94081075574422,41.807861355744755,60
60042,60,1025,41.96200521504016,41.84048990903768,60
60043,60,1520,41.9501221038222,41.97783512641016,60
60044,60,855,41.999644943087986,41.99656552186668,60
60045,60,1405,41.91223429959493,42.06872897404077,60
60046,60,498,41.896566027107724,42.1085551528472,60
60047,60,723,41.916366048348706,42.05029099161596,60
60048,60,1465,41.909635889999926,42.0385381883393,60
60049,60,1551,42.00372298050244,41.81596503265662,60
60050,60,816,41.91843936142177,42.09740193664842,60
60051,60,759,41.93375581823058,42.099954610576226,60
60052,60,1494,41.99391536358562,42.057873190393295,60
60053,60,804,41.86478823439133,41.97722295045075,60
60054,60,1028,42.0135467830077,41.96524315989604,60
60055,60,1135,41.93198154086048,41.9310513877949,60
60056,60,1211,41.93509703654533,41.944892277817914,60
60057,60,825,41.92723184233601,41.96513784793653,60
60058,60,1053,41.919569552134995,41.94823459612416,60
60059,60,1202,41.965027297092945,42.00678887144452,60
60060,60,732,41.95087941206983,41.93932772267084,60
60061,60,1043,41.94124503814653,41.83353740802397,60
60062,60,730,41.91334151827474,42.028965334179084,60
61001,61,1289,42.06606401920271,42.035032495809,61
61002,61,1321,42.12317174413859,42.04797107580672,61
61003,61,1211,42.07060503800807,42.051880270738565,61
61004,61,1271,42.08436337302724,42.0332793679076,61
61005,61,510,42.052129240817166,42.10890809555169,61
61006,61,582,42.016611115828574,42.08854674671729,61
61007,61,380,42.02932007228207,42.11487571840578,61
61008,61,938,42.044121085439926,42.059415214473,61
61009,61,1001,42.1088493314537,42.00057745213802,61
61010,61,1288,42.083664016515975,41.959297235321785,61
61011,61,917,42.01554761705781,42.02397648997652,61
61012,61,684,42.071271549822804,42.02217855871373,61
61013,61,58,42.04880718895534,42.010629396921296,61
61014,61,613,42.05788397198106,41.934240601409606,61
61015,61,866,42.08306884225457,41.90024844509648,61
61016,61,718,42.06267874174705,41.88148358596717,61
61017,61,615,42.09057764601844,42.10877101179224,61
61018,61,874,42.08411401024557,42.16375981700833,61
61019,61,392,42.09679051227314,42.13677874448839,61
61020,61,424,42.07812621555501,42.14298815759377,61
61021,61,510,42.03711983552517,41.945651031053586,61
61022,61,854,42.05095395476802,41.84229878735822,61
61023,61,829,42.06286041120217,41.81371250736131,61
61024,61,1146,42.041210712793195,41.771357678528084,61
61025,61,1473,42.022816032972074,41.818183879427224,61
61026,61,924,42.01534212134494,41.78527012293458,61
61027,61,919,42.10970411660885,42.091740332154956,61
61028,61,747,42.06957198177088,41.990822442481395,61
61029,61,779,42.09990839021602,41.98290133592664,61
61030,61,593,42.01909967994798,41.92721138274332,61
61031,61,290,42.00764923826728,41.89904392286093,61
61032,61,630,42.03502666456098,41.864140115952964,61
61033,61,476,42.03632142193458,41.89419856158917,61
61034,61,315,42.02039470875611,41.89045214935647,61
61035,61,754,42.057725935127735,41.95609395109044,61
61036,61,652,42.09113923821841,41.925011468852624,61
61037,61,1498,42.08594378663897,42.049388106725665,61
61038,61,758,42.07467268802354,42.0719182339968,61
62001,62,978,42.01453246994341,42.237099935120305,62
62002,62,348,42.00224144771415,42.30931285580914,62
62003,62,384,41.990093444567385,42.30269081498042,62
62004,62,564,42.04928036965737,42.18141593008726,62
62005,62,393,42.028976670366546,42.16508274748488,62
62006,62,794,42.03089745513813,42.22290586094463,62
62007,62,553,42.00642700848942,42.1928216334506,62
62008,62,978,42.004065697503584,42.24046082373697,62
62009,62,721,42.00938365191437,42.27467979263884,62
62010,62,111,42.011558083157105,42.21248894650254,62
62011,62,462,41.987874290675634,42.26588796337115,62
62012,62,343,41.97093174514637,42.29892356030886,62
62013,62,249,41.97131070758948,42.476147923571844,62
62014,62,230,42.02160976625659,42.14300196368495,62
62015,62,282,42.05320191434046,42.14584377543186,62
62016,62,302,42.03320273508355,42.13554405962581,62
62017,62,846,41.892173725138356,42.44112103417205,62
62018,62,792,42.02164678077463,42.31616132738391,62
62019,62,280,42.043490106223466,42.28253679515855,62
62020,62,253,42.02772824175865,42.28665501895861,62
62021,62,362,41.94348997242583,42.36678760434435,62
62022,62,281,41.92394157680946,42.41004385122005,62
62023,62,224,41.90154490060239,42.38886159894447,62
62024,62,417,42.0449072769133,42.35513578026263,62
62025,62,332,42.02712329345301,42.34709011937536,62
62026,62,867,42.04359623150514,42.25254944125726,62
62027,62,453,42.027631444035634,42.25577024955433,62
62028,62,631,41.97566497305287,42.18309641239069,62
62029,62,271,41.95984956771789,42.17567289457781,62
62030,62,572,41.999880865996694,42.16171831843478,62
62031,62,810,42.04367221581634,42.20610408886572,62
62032,62,186,41.9776575111672,42.41195308494572,62
62033,62,997,41.987581706836245,42.233117235284936,62
62034,62,449,41.94932830838688,42.29247047571737,62
62035,62,748,41.96148132337428,42.21810419752252,62
62036,62,324,41.98704660451369,42.20655452872768,62
62037,62,167,41.95796195833048,42.195334689764834,62
62038,62,875,42.01919559165355,42.24265093251071,62
63001,63,1312,42.20987830101821,42.201903515896234,63
63002,63,805,42.21082883143243,42.229144738319235,63
63003,63,1493,42.18587620553794,42.21513668502399,63
63004,63,588,42.2320703605196,42.27047632360993,63
63005,63,1079,42.21066086744927,42.11435949880701,63
63006,63,844,42.13738440415824,42.1740290238239,63
63007,63,979,42.18106567148986,42.269812448174626,63
63008,63,975,42.17078330626178,42.19654878663767,63
63009,63,1297,42.22039358456495,42.17633786805659,63
63010,63,610,42.24765332688858,42.25260959579872,63
63011,63,898,42.145615057665104,42.25327832183688,63
63012,63,1256,42.28013305238772,42.30502822706295,63
63013,63,806,42.28072012212984,42.240510570306604,63
63014,63,1112,42.19743776182993,42.15537308286618,63
63015,63,653,42.18246553906224,42.146510444951666,63
63016,63,993,42.15286093693256,42.21276149006561,63
63017,63,1038,42.20108421533713,42.25989028986573,63
63018,63,822,42.241237170135115,42.22204731466069,63
63019,63,562,42.25949400229817,42.17230168672534,63
63020,63,1003,42.21449824405458,42.21031116750084,63
63021,63,906,42.19841006980518,42.21702031422275,63
63022,63,849,42.249585382102836,42.199901953974035,63
63023,63,649,42.191792902731144,42.28435455141219,63
63024,63,513,42.12320727600431,42.27511690833028,63
64001,64,1207,42.27558998020304,42.06063405880872,64
64002,64,1092,42.278557147341466,42.07007227304695,64
64003,64,1009,42.27053871356905,42.077389600348006,64
64004,64,1547,42.28003563244844,42.075850518529634,64
64005,64,1106,42.27141698155021,42.04273032212231,64
64006,64,1033,42.272174539621936,42.09536534514,64
64007,64,1439,42.27846646693044,42.08280249208271,64
64008,64,1538,42.28109753028593,42.08903378028158,64
64009,64,1485,42.28866120087971,42.10272846085799,64
64010,64,1371,42.26987448950988,42.05562667472188,64
64011,64,831,42.27192744986289,42.05111297593347,64
64012,64,1423,42.279603033915436,42.04945203823286,64
64013,64,1125,42.27828915254065,42.03384512788327,64
64014,64,1477,42.28060864952757,42.042162059293915,64
64015,64,1276,42.26192845384099,42.05174869854193,64
64016,64,1534,42.25997976700592,42.062458367667745,64
64017,64,1125,42.26425282192245,42.07299810535898,64
64018,64,1207,42.27934437898598,42.109735313712605,64
64019,64,598,42.26623306885696,42.037598500872456,64
64020,64,1334,42.24602868860004,42.0596984654765,64
64021,64,896,42.298741759280645,42.19820503608489,64
64022,64,573,42.34282934916093,42.11214174327779,64
64023,64,1051,42.39146095125221,42.08465152384945,64
64024,64,456,42.20156000163585,41.94194857016516,64
64025,64,1440,42.22764218960844,42.00876066247793,64
64026,64,666,42.41347266837718,42.220813463660534,64
64027,64,201,42.394708329879926,42.220043775470856,64
64028,64,1002,42.30173902505498,42.022373460036455,64
64029,64,1458,42.24799128166051,42.10630007634465,64
64030,64,766,42.25465983397641,42.13762039155608,64
64031,64,658,42.3520416114315,42.20909671467645,64
64032,64,486,42.34315673910765,42.19658647647181,64
64033,64,669,42.3900316196546,42.14840458764346,64
64034,64,640,42.418382972754266,42.18490805053062,64
64035,64,710,42.439455924066024,42.15792100441246,64
64036,64,1495,42.27963745918592,42.146923665061685,64
64037,64,869,42.325683686851214,42.15650702646703,64
64038,64,582,42.30465362823484,42.13213780558441,64
64039,64,640,42.35330005744381,42.05202510836814,64
64040,64,402,42.34554676939638,41.99154180107139,64
64041,64,548,42.24840619986955,41.989892211015004,64
64042,64,729,42.26455905882262,42.0857922961913,64
64043,64,1036,42.2735449338734,42.026448256106995,64
65001,65,1093,42.43282662191351,42.37337564212163,65
65002,65,1323,42.412111834999486,42.381034237348,65
65003,65,460,42.41878155848538,42.41962107828591,65
65004,65,1063,42.397335127115696,42.37126054898563,65
65005,65,637,42.3779264063889,42.24162790043119,65
65006,65,460,42.41471107704089,42.27340482021966,65
65007,65,700,42.4127687486648,42.297478968467885,65
65008,65,620,42.34572281480654,42.27999410287871,65
65009,65,1086,42.357366868492115,42.2914789167774,65
65010,65,923,42.373641881425634,42.28688194474158,65
65011,65,732,42.492855151228774,42.451653436556356,65
65012,65,788,42.45249232225777,42.25509401173617,65
65013,65,1249,42.49252088958407,42.31995799874136,65
65014,65,804,42.49458565142554,42.30505296527035,65
65015,65,622,42.49576837172982,42.330004860996965,65
65016,65,374,42.52931776399028,42.25381512805865,65
65017,65,833,42.32562573496025,42.27935475553501,65
65018,65,967,42.31560521319988,42.24513060800452,65
65019,65,973,42.47264915134719,42.33813742676828,65
65020,65,531,42.45611041996875,42.304971930665104,65
65021,65,1312,42.44616636965265,42.39828747485812,65
65022,65,737,42.466999728580355,42.20559441126126,65
65023,65,430,42.459208957627006,42.21902342736475,65
65024,65,396,42.56757204670041,42.28246937156691,65
65025,65,967,42.588241898160895,42.28933715252977,65
65026,65,1170,42.351353314323894,42.349928589535565,65
65027,65,929,42.378600644721274,42.36711803781923,65
65028,65,889,42.38040420438799,42.34265148259227,65
65029,65,811,42.42362095445379,42.32869840159429,65
65030,65,1244,42.34100710358463,42.32522312078132,65
65031,65,813,42.31703856961444,42.31957768207268,65
65032,65,1392,42.528874320739035,42.34972152651066,65
65033,65,1319,42.50354267940918,42.33896170556059,65
65034,65,1041,42.398572437338295,42.339434909968986,65
65035,65,1437,42.539061573858056,42.3092580509522,65
65036,65,1489,42.395451716228706,42.41119280606493,65
65037,65,724,42.410770030080464,42.39581290971513,65
65038,65,822,42.48289530400123,42.318953183355134,65
65039,65,393,42.35499186940804,42.33053638414718,65
66001,66,1470,42.3192236656165,41.89089617519668,66
66002,66,1409,42.32493403631698,41.895103755674285,66
66003,66,1051,42.31633882379088,41.913785706884056,66
66004,66,1528,42.428618213288445,42.01849678695301,66
66005,66,1302,42.24685256441711,41.87913392706596,66
66006,66,642,42.34991984907123,41.935777262679736,66
66007,66,1003,42.34246197489161,41.872468510977534,66
66008,66,834,42.30065184470981,41.88202686627776,66
66009,66,499,42.30515853500629,41.97864516319027,66
66010,66,885,42.33529108858868,41.771494367617194,66
66011,66,1507,42.30898073631495,41.9457439135192,66
66012,66,577,42.181759002783984,41.72975474963229,66
66013,66,541,42.27473608655863,41.84488222308897,66
66014,66,391,42.22084905809711,41.87964852123509,66
66015,66,1340,42.390799668595946,41.97049588301694,66
66016,66,707,42.381210439718885,42.00770299080181,66
66017,66,341,42.37704698428944,42.03070825013435,66
66018,66,584,42.26899282634979,41.737734447396456,66
66019,66,1431,42.25817655187879,41.94345063908348,66
66020,66,746,42.29856992699169,41.9579389552051,66
66021,66,1078,42.22973709580735,41.7905136163831,66
66022,66,230,42.272951429028524,41.67080583321805,66
66023,66,937,42.26431644896059,41.80015188462953,66
66024,66,700,42.45985579538231,41.99045633606143,66
66025,66,1252,42.38467297642958,41.807138580001684,66
66026,66,1416,42.36238092156266,41.852365905271235,66
66027,66,1338,42.34174197699694,41.82405105141315,66
66028,66,1252,42.33381592541472,41.88826617893846,66
66029,66,834,42.346275336783464,41.853748821329646,66
66030,66,615,42.321920365229595,41.92565793215954,66
66031,66,470,42.179704785608266,41.76882790072831,66
66032,66,555,42.23612044786437,41.78013861977612,66
67001,67,893,42.50167383110757,41.87636853358243,67
67002,67,1246,42.50086183501545,41.861048017797515,67
67003,67,1357,42.48920994360334,41.872271918330746,67
67004,67,1452,42.504069123929156,41.868474462845974,67
67005,67,1060,42.49803435955863,41.86863056866243,67
67006,67,1196,42.51797494369851,41.82721497988331,67
67007,67,983,42.52320833018936,41.83379738241753,67
67008,67,1381,42.52414945867911,41.860107835213256,67
67009,67,1407,42.526373264561016,41.87898988234764,67
67010,67,11197,42.522569113721346,41.88625440896953,67
67011,67,1371,42.51511385680096,41.886218794834406,67
67012,67,1464,42.51196313201011,41.888000080105314,67
67013,67,1328,42.509305680656745,41.8890425480255,67
67014,67,1121,42.50606999766486,41.8909442664046,67
67015,67,1449,42.499375966771794,41.885187024019054,67
67016,67,1506,42.506017370912964,41.88171518467579,67
67017,67,1275,42.51385670209971,41.876875241141434,67
67018,67,1401,42.515715501660644,41.87090258434993,67
67019,67,1372,42.500833077111345,41.85306122839698,67
67020,67,1461,42.50696779014965,41.86025076725334,67
67021,67,1111,42.503089772177596,41.85153926344916,67
67022,67,1160,42.50492949610169,41.843692930473246,67
67023,67,1317,42.50851959600847,41.84409248987204,67
67024,67,1557,42.50995674207125,41.8362900881995,67
67025,67,1214,42.513832783602595,41.83117519418027,67
67026,67,1392,42.5152110785385,41.8418171891075,67
67027,67,1358,42.5175013923859,41.85698455019594,67
67028,67,1481,42.51842487921666,41.86560799733959,67
67029,67,1201,42.49301095898483,41.86053242677097,67
67030,67,1338,42.49366066187971,41.855189423924855,67
67031,67,1269,42.40059290478573,41.88067252959091,67
67032,67,1180,42.40198366992554,41.593734945955774,67
67033,67,1582,42.531781519292004,41.82330037465917,67
67034,67,1219,42.521485100895426,41.806612193805144,67
67035,67,1407,42.462284097784476,41.726625683398794,67
67036,67,1149,42.48713433528191,41.89693053203718,67
67037,67,1468,42.454091023484274,41.88634084498223,67
67038,67,1128,42.42163447583227,41.60299343456544,67
67039,67,565,42.41603725458956,41.620145191941916,67
67040,67,591,42.53729627778042,41.9889889884124,67
67041,67,1506,42.425588020102566,41.667539736460526,67
67042,67,652,42.45008057393586,41.69004171443511,67
67043,67,1123,42.40319959080662,41.65864849527785,67
67044,67,1127,42.3978939436091,41.70380791009726,67
67045,67,1127,42.38576742510303,41.66830758379432,67
67046,67,1565,42.50214567753276,41.81564545112074,67
67047,67,1470,42.49006563143604,41.827186462877215,67
67048,67,971,42.474169693985644,41.82208115325188,67
67049,67,1402,42.50035849569578,41.76259212175827,67
67050,67,1273,42.46710105497864,41.76338063742942,67
67051,67,1340,42.48656373714457,41.71289497683454,67
67052,67,217,42.50120866110423,41.706908257943915,67
67053,67,1502,42.55780790197805,41.95433367574007,67
67054,67,571,42.57038791828245,41.95976376504812,67
67055,67,1500,42.42999801497202,41.92554809345969,67
67056,67,1508,42.39690298421219,41.93165916627497,67
67057,67,1572,42.51973006135384,41.93261423263835,67
67058,67,1218,42.535186180180176,41.91581750443977,67
67059,67,1499,42.45708097201236,41.66968983933766,67
67060,67,1494,42.48252687683603,41.67007271508172,67
67061,67,1184,42.36959880003754,41.72085240111432,67
67062,67,1437,42.45143960891536,41.7701592177497,67
67063,67,1150,42.597793099256805,41.88622299104218,67
67064,67,1455,42.56313821227039,41.86088675419906,67
67065,67,1348,42.54438789089646,41.881951576399906,67
67066,67,845,42.55143057051117,41.82322098634149,67
67067,67,904,42.4191372634623,41.842342134351476,67
67068,67,1466,42.5021905471246,41.959599635412005,67
67069,67,1172,42.530173403877654,41.78489253724296,67
67070,67,1142,42.59680983556359,41.93432999250806,67
67071,67,959,42.62182389485214,41.92252023960426,67
67072,67,984,42.5854829334531,41.95098518682575,67
67073,67,1000,42.43957633579064,41.79633742885012,67
67074,67,906,42.41585492414358,41.778137292403066,67
67075,67,1264,42.47609400670588,41.968957970766915,67
67076,67,1456,42.47901273674018,41.850841927989215,67
67077,67,1294,42.45110580452453,41.84611039922802,67
67078,67,988,42.61238244249358,42.00722504110528,67
67079,67,969,42.495533508402026,42.01073991024534,67
67080,67,1376,42.48877068921317,41.86403694702645,67
67081,67,1171,42.49568727823478,41.8761235743938,67
67082,67,1285,42.52303610220692,41.84587524958077,67
67083,67,1254,42.52972916883446,41.8690681180446,67
67084,67,1464,42.51826845331881,41.88814585069875,67
67085,67,1390,42.50168905236425,41.889078562438755,67
67086,67,1466,42.50882604610651,41.87523694284929,67
67087,67,936,42.49585992003024,41.84420593672252,67
67088,67,1023,42.50862370131849,41.855873916609355,67
67089,67,1365,42.517628816574366,41.848112121861625,67
67090,67,661,42.512156354472516,41.85369656605699,67
67091,67,655,42.3836537606905,41.59877978869809,67
67092,67,901,42.4718923127811,41.91724823279812,67
67093,67,1156,42.429833696869174,41.70335056812731,67
67094,67,1482,42.475441731162185,41.80131835748459,67
67095,67,1307,42.481765360307506,41.764450532235514,67
67096,67,527,42.49934221799828,41.79136830748921,67
67097,67,425,42.4717874030479,41.705873111973084,67
67098,67,505,42.4339931746346,41.748074928176,67
67099,67,1061,42.57840158333528,41.892618033204876,67
68001,68,1449,42.62206440658823,42.05427778632004,68
68002,68,1547,42.64123296666335,42.096812157055794,68
68003,68,1383,42.58180707608347,42.07496636182996,68
68004,68,508,42.571716872400586,42.02393276697254,68
68005,68,1103,42.688504393061216,42.04503130887948,68
68006,68,1306,42.715086173650235,42.070210488159574,68
68007,68,1235,42.7344002851935,42.05021148472871,68
68008,68,1177,42.712131679065926,42.0384216278563,68
68009,68,790,42.661381834175785,42.06567042351064,68
68010,68,1493,42.64915941356042,42.01808513367245,68
68011,68,1503,42.637218621151874,41.97236253107922,68
68012,68,621,42.681337873715144,42.1283992122005,68
68013,68,840,42.61246025091569,42.10507151995176,68
68014,68,777,42.725928679457795,41.98727996047058,68
68015,68,1461,42.55278193894267,42.095985288648734,68
68016,68,1368,42.54646734412999,42.04136236989058,68
68017,68,793,42.65056793821078,42.084007221763265,68
68018,68,1391,42.66458076561257,41.95731257974056,68
68019,68,1332,42.69588786077979,41.96283511001324,68
68020,68,737,42.72061810095769,42.10450004844602,68
68021,68,1279,42.701487965587376,42.01238827071257,68
68022,68,610,42.73994406362906,42.03149146459343,68
68023,68,1116,42.66008734560665,42.151116141991714,68
68024,68,1441,42.61140486383491,42.06681359561804,68
68025,68,1353,42.60660928906097,42.06777406310201,68
68026,68,1370,42.70853713380546,42.05462932995311,68
68027,68,1027,42.66131977553959,42.13754806770691,68
68028,68,1019,42.66061012156828,42.08730758555555,68
69001,69,1130,42.488659789286714,42.12182990349718,69
69002,69,1170,42.64634318122432,42.18164810047203,69
69003,69,719,42.50591514729235,42.143888610295285,69
69004,69,1058,42.474908266201815,42.18250867380366,69
69005,69,590,42.48398397735629,42.15863311664797,69
69006,69,1053,42.58002396439349,42.163315056413275,69
69007,69,559,42.606977706555256,42.212478081570055,69
69008,69,935,42.469411738752385,42.043051195509754,69
69009,69,716,42.50572320782503,42.0584962700206,69
69010,69,1386,42.441657831237265,42.0991712913737,69
69011,69,1046,42.44956145435633,42.07573012946672,69
69012,69,557,42.42600557401021,42.11978161466455,69
69013,69,328,42.52389651498224,42.14348548872173,69
69014,69,1184,42.52648920339636,42.09972230993483,69
69015,69,1428,42.62557707707994,42.167868055357424,69
69016,69,582,42.61788391947257,42.196731096354284,69
69017,69,356,42.52335172950098,42.20084211403108,69
69018,69,648,42.601819515820694,42.24573738853014,69
69019,69,564,42.58769979731334,42.21299152464433,69
69020,69,415,42.57661329550848,42.23666982672584,69
69021,69,1434,42.485926044374644,42.09338474950499,69
69022,69,827,42.56868196504428,42.2080462273474,69
69023,69,663,42.54908784762796,42.2111005896765,69
69024,69,1368,42.55074398886551,42.1543226323454,69
69025,69,982,42.57097539608035,42.12909718202542,69
69026,69,464,42.54782643945337,42.16612638032655,69
69027,69,998,42.50288559215579,42.11298527586903,69
70001,70,1450,42.180800527473245,41.65390011976412,70
70002,70,842,42.15389587388434,41.6781435756268,70
70003,70,1145,42.16321242589514,41.66944447433642,70
70004,70,1106,42.160886808358576,41.66748898404158,70
70005,70,1526,42.15919530618044,41.65979725306789,70
70007,70,1337,42.14932185796476,41.66437254613949,70
70008,70,1543,42.14888586112658,41.67123710345815,70
70009,70,1531,42.14668157690525,41.66976682151899,70
70010,70,1565,42.14335173188743,41.667144977237776,70
70011,70,1451,42.14306333228355,41.65987965257014,70
70012,70,1498,42.13993200434783,41.664181148770915,70
70013,70,1126,42.13657091705464,41.664205910109956,70
70014,70,1568,42.13189020615802,41.66926998829407,70
70015,70,1303,42.13279965867023,41.678790959454496,70
70016,70,1550,42.13536378035803,41.68637220169613,70
70017,70,800,42.13004866573055,41.68450893814986,70
70018,70,1615,42.12502807727359,41.69411620217761,70
70019,70,1548,42.12314789647722,41.691012058218305,70
70020,70,1206,42.137722498036574,41.67426204475709,70
70021,70,1467,42.142722502321575,41.67867717645016,70
70022,70,1386,42.14525151397929,41.68864325621003,70
70023,70,1287,42.15865773385764,41.69778100791448,70
70024,70,1184,42.08494472572541,41.72647838303578,70
70025,70,572,42.10973176556381,41.68929610197425,70
70026,70,1047,42.173975370211295,41.70325899138761,70
70027,70,1159,42.12235474337885,41.69850522958749,70
70028,70,1511,42.17255581158389,41.691566877302805,70
70029,70,1305,42.163841756626134,41.678027067728216,70
70030,70,1426,42.18696212052007,41.67721452909782,70
70031,70,1197,42.17300269001832,41.672216852111,70
70033,70,953,42.064657985227356,41.72128751581699,70
70034,70,1358,42.06506757782471,41.72798462952752,70
79001,79,1374,41.65021014900304,41.64287548654787,79
79002,79,1345,41.6515230501336,41.639290881575775,79
79003,79,1473,41.64713836181481,41.64282261623106,79
79004,79,1458,41.64614397642546,41.64521890104849,79
79005,79,544,41.64562077479368,41.64850601435852,79
79006,79,1466,41.65085400568544,41.63043455363496,79
79007,79,1213,41.65021786751999,41.63315716297288,79
79008,79,1217,41.648022181803015,41.633894697481836,79
79009,79,1329,41.645687503779676,41.635389986000874,79
79010,79,7115,41.64538684882045,41.629674687872004,79
79011,79,1495,41.64224648318467,41.62538443690139,79
79012,79,1344,41.643572153471666,41.62405499124126,79
79013,79,1477,41.643883041681804,41.63063256064494,79
79014,79,1430,41.64631084348026,41.62455522552188,79
79015,79,1468,41.64022105609062,41.615564918357016,79
79016,79,1474,41.6344194298025,41.60672235254627,79
79017,79,1429,41.62863460467064,41.605629245323264,79
79018,79,1498,41.63944759523899,41.61886106363099,79
79019,79,1432,41.64491539165509,41.61788714392015,79
79020,79,1504,41.62282707580916,41.62169965594636,79
79021,79,1473,41.62441618609186,41.62322481478641,79
79022,79,1279,41.62795962966838,41.619907650674165,79
79023,79,1236,41.62582167398909,41.615490762158444,79
79024,79,1418,41.63251149658413,41.630452479870726,79
79025,79,1441,41.6339650380885,41.6403705493469,79
79026,79,1459,41.62821157800976,41.63418899295422,79
79027,79,1293,41.635641171358955,41.64421829362744,79
79028,79,1224,41.6375987226746,41.62425953567915,79
79029,79,1443,41.64047735303454,41.62828458833815,79
79030,79,1471,41.64137247078137,41.631319147378,79
79031,79,1459,41.632719169123405,41.621276575933656,79
79032,79,1305,41.62672721197856,41.61241439329885,79
79033,79,1461,41.639965745786135,41.64146914336752,79
79034,79,1517,41.644544631059354,41.64477247343643,79
79035,79,1473,41.63952472822725,41.636215747526,79
79036,79,1395,41.64203544325874,41.650056102375,79
79037,79,1290,41.6391503692962,41.66380899721397,79
79038,79,1341,41.63752740304574,41.67245903914616,79
79039,79,1441,41.643992981415224,41.65348939943674,79
79040,79,1365,41.64679646451339,41.672398211479255,79
79041,79,1232,41.64656504022684,41.662215417160326,79
79042,79,1347,41.65602543268744,41.678854604736955,79
79043,79,923,41.65442544394679,41.692009924949225,79
79044,79,1487,41.62996081342584,41.637748630505044,79
79045,79,1394,41.65867846447118,41.686371137965665,79
79046,79,1391,41.662542507579936,41.68298773655538,79
79047,79,1087,41.631275297677966,41.615501188131404,79
79048,79,1353,41.64302124177564,41.64509591958076,79
79049,79,1300,41.64702966122819,41.63851178521836,79
79050,79,1482,41.639065444181036,41.66843205700975,79
79051,79,1331,41.648845416321954,41.64169863902869,79
79052,79,1416,41.6449071628727,41.633056685463025,79
79053,79,1309,41.64431488287501,41.626551809202226,79
79054,79,1359,41.63527195688988,41.61336157335929,79
79055,79,957,41.633185544514625,41.626626544967586,79
79056,79,1493,41.64298790767559,41.63431568941568,79
79057,79,1426,41.663548004667106,41.68654107883334,79
79058,79,1344,41.62237257688654,41.61751950971621,79
79059,79,1296,41.650921098515056,41.67070466833902,79
79060,79,1380,41.640372634077224,41.655492479352695,79
79061,79,1189,41.635393735389506,41.62728431040626,79
79062,79,1326,41.63230912611439,41.62843118973526,79
79063,79,1499,41.63862787704539,41.6222514239491,79
79064,79,1449,41.6378381160207,41.63180519674224,79
79065,79,1485,41.64276415232372,41.62149188612269,79
79066,79,1157,41.649752082695336,41.637730549008666,79
79067,79,1416,41.62780169486138,41.62441948776896,79
79068,79,1429,41.65256920706886,41.62965532235493,79
79069,79,935,41.62923814193728,41.61379004259578,79
79070,79,795,41.65434400800442,41.639200810708076,79
79071,79,1475,41.64289711931378,41.63666663789738,79
79072,79,1473,41.64416950388134,41.63935425497813,79
79073,79,1438,41.640398952105784,41.648496965176875,79
79074,79,796,NA,NA,79
79075,79,866,41.623471503697196,41.63146198879729,79
79076,79,1472,41.632717219591925,41.61025220000568,79
79077,79,966,41.62271430813842,41.602658532992805,79
79078,79,1042,41.61814409677314,41.59690389875849,79
79079,79,1246,41.60843251424712,41.60075676619452,79
79080,79,850,NA,NA,79
79081,79,1192,41.66966751746465,41.691716063013956,79
79082,79,662,41.62765850498988,41.644358690861345,79
79083,79,1275,41.619545037796684,41.648451251969185,79
79084,79,889,41.6364791857189,41.65578193269673,79
79085,79,1124,41.612471840890365,41.619203879499885,79
79086,79,740,41.58773030315212,41.638427457269586,79
79087,79,1379,41.57860053769894,41.65175872365007,79
79088,79,1210,41.59448475664007,41.61566422443893,79
79089,79,1220,41.599195990188946,41.633101597427924,79
79090,79,1290,41.61620224651012,41.62953677626092,79
79091,79,1532,41.60269685249042,41.584145626907905,79
79092,79,1327,41.57344252277987,41.57641382919922,79
79093,79,851,41.610498829944866,41.642920438508504,79
79094,79,1167,41.595235831104624,41.64619450473222,79
79095,79,1118,41.60826265129767,41.632274555686195,79
79096,79,1470,41.71318240832511,41.72500949558652,79
79097,79,1396,41.6792649064588,41.70191249717588,79
79098,79,994,41.692866009369,41.71277863411989,79
79099,79,1000,41.60136364384769,41.649284003150015,79
80001,80,1314,41.59936079902106,41.96869616999824,80
80002,80,833,41.616762112290175,41.93763511056304,80
80003,80,301,41.57760949156526,41.9172986112782,80
80004,80,478,41.60087258968913,41.92148967768316,80
80005,80,288,41.59560400814792,41.944867524967655,80
80006,80,432,41.64135924275943,42.114776953100844,80
80007,80,327,41.627812033539534,42.08559584929431,80
80008,80,288,41.65448480526936,42.102247080367185,80
80009,80,309,41.633401465695215,42.11710510919659,80
80010,80,624,41.620437675349905,42.10829345910104,80
80011,80,354,41.611396913128104,41.98699154589292,80
80012,80,413,41.62019886977707,41.980762082706505,80
80013,80,470,41.62485504039907,42.013860843290985,80
80014,80,679,41.545896572489895,41.7802189281435,80
80015,80,568,41.54246444529242,41.81329502890817,80
80016,80,756,41.55945098183246,41.824476095014056,80
80017,80,541,41.58018654131387,41.84843584167171,80
80018,80,899,41.57788138588642,42.00063416713565,80
80019,80,178,41.57672706411748,42.03654194732871,80
80020,80,496,41.58060620194911,41.9627328691844,80
80021,80,277,41.56059711984274,41.96691822121227,80
80022,80,517,41.58730207204169,41.87669080835546,80
80023,80,429,41.56361682417524,41.89539935062971,80
80024,80,245,41.53964214263801,41.870885207845376,80
80025,80,557,41.66528147368189,42.073039056028875,80
80026,80,551,41.63557118132686,42.04614549199851,80
80027,80,520,41.65457612560915,42.08273541498506,80
80028,80,389,41.648698845299826,42.06415532470994,80
80029,80,910,41.67375468781305,42.00806245914666,80
80030,80,327,41.648369621713016,42.02361167564859,80
80031,80,519,41.63281457315278,42.06916557489731,80
81001,81,752,41.79987577698015,41.781029246639434,81
81002,81,1099,41.80445650534494,41.78850430936631,81
81003,81,1035,41.82231791770134,41.78882492427484,81
81004,81,1034,41.84026146435091,41.77866329199127,81
81005,81,1395,41.83826060814002,41.7810674288723,81
81006,81,448,41.86483725618644,41.77499728007837,81
81007,81,1216,41.85579281604872,41.78278210498296,81
81008,81,802,41.82722066849015,41.78161439778576,81
81009,81,1303,41.88139821383332,41.77623450583213,81
81010,81,1378,41.879061364139744,41.78179436570578,81
81011,81,1187,41.880154432483586,41.899235280365936,81
81012,81,1497,41.8476000683707,41.828285071179565,81
81013,81,971,41.746718974959876,41.752292999942334,81
81014,81,1266,41.73846911260552,41.73961592548366,81
81015,81,1532,41.72253399924792,41.74766845243108,81
81016,81,391,41.70623509555351,41.728496541255616,81
81017,81,1320,41.81303436836828,41.79117540714681,81
81018,81,689,41.696951911845126,41.73727136739522,81
81019,81,1325,41.83344762058416,41.882010919263514,81
81020,81,1123,41.833526511201946,41.91782509149164,81
81021,81,1542,41.781174340437765,41.78495110716093,81
81022,81,1209,41.76409898373368,41.79629058578426,81
81023,81,1348,41.73811558937378,41.79771065886538,81
81024,81,1365,41.75035122701763,41.808364088956125,81
81025,81,723,41.81575165081833,41.9032551211532,81
81026,81,1394,41.77855440416977,41.81438382587389,81
81027,81,1414,41.78649260391095,41.84307147748083,81
81028,81,564,41.79582483946629,41.81662582098273,81
81029,81,1583,41.84575121238667,41.92350714713833,81
81030,81,1480,41.86339893038279,41.929585704968595,81
81031,81,1037,41.84434903731824,41.85851181012162,81
81032,81,1156,41.85252585777306,41.88557901882716,81
81033,81,672,41.72868784611476,41.76019517997449,81
81034,81,1178,41.725888360193004,41.77973227286589,81
81035,81,936,41.737876206113675,41.77109277246954,81
81036,81,1246,41.84567066936647,41.954450815435166,81
81037,81,214,41.83311846225578,41.99116511096538,81
81038,81,1204,41.80506638686532,41.87083566442069,81
81039,81,519,41.7933419401251,41.89461350170675,81
81040,81,565,41.79024457154895,41.867238555947885,81
81041,81,1336,41.69563927003687,41.759781857472994,81
81042,81,1274,41.696650372175256,41.77906958271027,81
81043,81,1587,41.76331733441788,41.7596380239423,81
81044,81,1528,41.755046922571104,41.77642941429681,81
81045,81,771,41.78782036465454,41.9654566315448,81
81046,81,1574,41.702212761673664,41.82289590230851,81
81047,81,1142,41.71538592047135,41.77907876086077,81
81048,81,1493,41.8069082463938,41.814603940983254,81
81049,81,771,41.81592983220263,41.83687360987335,81
81050,81,981,41.80692292909635,41.850142876061376,81
81051,81,738,41.81577791317006,41.79773685248091,81
81052,81,845,41.809399668996335,41.78714323719318,81
81053,81,982,41.82187954206121,41.78144138119822,81
81054,81,1282,41.84250931850024,41.78514806983547,81
81055,81,712,41.76646459505838,41.852931099978534,81
81056,81,972,41.81647433466708,41.78184874937803,81
81057,81,800,41.82473404274016,41.85957284364718,81
81058,81,906,41.77680240569978,41.776114143164484,81
81059,81,1357,41.81905293584423,41.81762612551207,81
81060,81,779,41.71403924206668,41.75610905480582,81
81061,81,1129,41.758164158716426,41.82210807087857,81
81062,81,754,41.80785826430088,41.89096923391504,81
81063,81,725,41.72543187814823,41.73252997197744,81
81064,81,749,41.860419352079205,41.84503894720446,81
81065,81,945,NA,NA,81
82001,82,683,41.63820655810735,42.1773326368754,82
82002,82,229,41.63492277872494,42.199572663657065,82
82003,82,335,41.62207039111206,42.161748590574945,82
82004,82,472,41.64779972939007,42.223551185420625,82
82005,82,481,41.66984578501261,42.19816798352978,82
82006,82,385,41.66255877156366,42.2146620685907,82
82007,82,173,41.68471302894076,42.20301619209127,82
82008,82,121,41.68656566704071,42.24187098466184,82
82009,82,339,41.57538952480095,42.220877310769374,82
82010,82,360,41.5875214859574,42.19625672316439,82
82011,82,143,41.58152596619505,42.241064423285266,82
82012,82,214,41.57652995200318,42.25545740758956,82
82013,82,166,41.55229930625885,42.22449028451788,82
82014,82,616,41.64235330282525,42.24469736024702,82
82015,82,707,41.616351437702335,42.25833564785604,82
82016,82,655,41.620321369153416,42.21145079129012,82
82017,82,384,41.61804503286754,42.23159971743905,82
82018,82,204,41.56462710250496,42.29029357697048,82
82019,82,82,41.581726539361824,42.275325346124895,82
82020,82,379,41.53976725085643,42.3137821737919,82
82021,82,242,41.54944274251754,42.2729222579479,82
82022,82,135,41.56589913158924,42.26726268248386,82
82023,82,512,41.595764503358176,42.122741642065186,82
82024,82,217,41.60833297057857,42.152316905157804,82
82025,82,268,41.57841153305776,42.13697435551868,82
82026,82,237,41.54768696116219,42.15902138640493,82
82027,82,281,41.569891409797826,42.16071415493565,82
82028,82,508,41.59912531758079,42.1755929660324,82
82029,82,273,41.51877088094786,42.363235273423975,82
82030,82,222,41.51437173772659,42.40491785946429,82
82031,82,321,41.52311342503356,42.38603984389669,82
82032,82,203,41.54139390487946,42.34459347686871,82
82033,82,151,41.72555273582418,42.210627727560286,82
82034,82,264,41.715156559951744,42.17755124600278,82
82035,82,192,41.764836128780246,42.28313664997599,82
82036,82,328,41.701499468225585,42.20001098210664,82
82037,82,264,41.71192431279902,42.23563790709914,82
82038,82,427,41.7039875575817,42.1521207987862,82
82039,82,483,41.673135942618984,42.12529340760429,82
82040,82,257,41.68225648830509,42.158153250761714,82
82041,82,381,41.6649082453039,42.18553641887021,82
82042,82,363,41.66290980447618,42.1692155597464,82
82043,82,411,41.65025813758934,42.15278560226134,82
82044,82,147,41.627116254760786,42.139686473703755,82
82045,82,209,41.648256957913304,42.128044182377096,82
82046,82,294,41.61017495045531,42.1940078462856,82
82047,82,196,41.629599409777384,42.26083709951464,82
82048,82,222,41.60227651924805,42.24784902924601,82
82049,82,95,41.6018024183913,42.27316456545501,82
83001,83,1452,41.59643301632445,41.66849921792062,83
83002,83,1373,41.58121172388825,41.66834545011267,83
83003,83,1412,41.58935980736549,41.67800085877868,83
83004,83,1133,41.606889212357125,41.660855867235945,83
83005,83,1420,41.557706949034696,41.70034074343554,83
83006,83,903,41.5811276115317,41.69303824478136,83
83007,83,718,41.581848360851524,41.727234073335445,83
83008,83,1134,41.68422263218763,41.72063150849478,83
83009,83,1211,41.67320407712311,41.710912848349665,83
83010,83,1165,41.66826203448699,41.72667591765736,83
83011,83,581,41.663016251464036,41.70588249933876,83
83012,83,1407,41.6560247674227,41.733163490705145,83
83013,83,1411,41.636564456622736,41.73319043581643,83
83014,83,1043,41.638599050972175,41.71336970879668,83
83015,83,1428,41.64303733139629,41.69004546080998,83
83016,83,1284,41.64488300803284,41.751656107292824,83
83017,83,1493,41.65381126865875,41.71294405483212,83
83018,83,1610,41.61532677702537,41.68322191981886,83
83019,83,1147,41.63009415825964,41.68663931896697,83
83020,83,1519,41.62089100051453,41.71408815843624,83
83021,83,1448,41.60621298700212,41.695212396229365,83
83022,83,1339,41.624306314377804,41.69077476587229,83
83023,83,766,41.62859469937296,41.70267591028732,83
83024,83,1495,41.63280792156402,41.64995495920728,83
83025,83,615,41.63073256295915,41.65971473750763,83
83026,83,579,41.624393293855626,41.66663305188793,83
83027,83,698,41.53452253654456,41.55896735290943,83
83028,83,1126,41.56560532051816,41.60854338174103,83
83029,83,1251,41.55987588203089,41.6235705178236,83
83030,83,1480,41.58126386694779,41.60691111127949,83
83031,83,1061,41.56952478475043,41.59133309105152,83
83032,83,992,41.545987382546734,41.68415376892437,83
83033,83,1469,41.558850426663334,41.64285617534608,83
83034,83,846,41.544049861748675,41.65323233378252,83
83035,83,1457,41.55042385841242,41.67505612890232,83
83036,83,736,41.57353971874173,41.63184559926384,83
83037,83,1292,41.54552394913787,41.735133705740786,83
83038,83,567,41.50277228181469,41.75863133828725,83
83039,83,556,41.5036868639714,41.80693709101952,83
83040,83,328,41.49675196518264,41.836166112902895,83
83041,83,476,41.51363785558836,41.85777388315584,83
83042,83,312,41.480958851455384,41.86863395109689,83
83043,83,788,41.50547007892686,41.72691504719931,83
83044,83,512,41.49379710769182,41.71478556749166,83
84001,84,840,41.644673498045876,42.31446698580114,84
84002,84,551,41.7052765088395,42.43018562778451,84
84003,84,378,41.65263114104522,42.33377608415177,84
84004,84,911,41.66217869322265,42.32407911808289,84
84005,84,549,41.695938485939344,42.31169798244634,84
84006,84,386,41.678413729933794,42.2964025741787,84
84007,84,626,41.66679572318759,42.289110097476595,84
84008,84,459,41.65056874006266,42.297138637472464,84
84009,84,679,41.64720298141536,42.307869808487155,84
84010,84,477,41.64228371298899,42.31667323847352,84
84011,84,657,41.6776242511353,42.35868781530147,84
84012,84,1056,41.664732711483005,42.3482819962431,84
84013,84,397,41.63140678554708,42.39795819100405,84
84014,84,541,41.64515520435939,42.40614305003358,84
84015,84,320,41.64731836509967,42.373638953753506,84
84016,84,375,41.65298038975294,42.397123067420104,84
84017,84,647,41.636355756111044,42.35498263467073,84
84018,84,1320,41.646977762247474,42.278829663802874,84
84019,84,631,41.6345374919114,42.302648422187666,84
84020,84,228,41.617389480894424,42.29622715721638,84
84021,84,277,41.62398123031831,42.31905431101189,84
84022,84,261,41.537010639599,42.535687005094594,84
84023,84,790,41.559097605506516,42.5218474626554,84
84024,84,539,41.64793620129898,42.46911539045963,84
84025,84,447,41.64074202944834,42.43852971975635,84
84026,84,463,41.62838831291635,42.43028954450404,84
84027,84,448,41.69106365867987,42.403434425577046,84
84028,84,357,41.68199559895591,42.42343911479878,84
84029,84,257,41.60083599783984,42.31893060464367,84
84030,84,189,41.607549224968764,42.302021770777394,84
84031,84,519,41.606428335035226,42.34038809693742,84
84032,84,760,41.59605595939641,42.357534585253894,84
84033,84,300,41.5800795472652,42.389333460780406,84
84034,84,176,41.57226635470949,42.4448743792911,84
84035,84,237,41.57080990822971,42.48304712960539,84
84036,84,418,41.54787910557739,42.4280399840992,84
84037,84,468,41.70583339383884,42.39371637322777,84
84038,84,253,41.702497848469505,42.395121708855505,84
84039,84,528,41.73272789906575,42.399643266257044,84
84040,84,516,41.70400144094943,42.34569090451185,84
84041,84,565,41.72719869811909,42.368204357377394,84
84042,84,636,41.54261701730914,42.4749998591851,84
84043,84,178,41.53025962328749,42.466803624553464,84
84044,84,208,41.54742899445082,42.48444811267726,84
84045,84,141,41.57938026692463,42.316531528152865,84
84046,84,298,41.65912434059398,42.37811238977765,84
84047,84,134,41.63658729289556,42.329410014671026,84
84048,84,153,41.53829911319958,42.51885742870061,84
84049,84,392,41.72210743865389,42.3781231522611,84
84050,84,340,41.732561045734364,42.334244801637645,84
84051,84,258,41.656117654194205,42.43435646943272,84
84052,84,205,41.61802034267066,42.413376945855354,84
84053,84,253,41.63087256531239,42.379743044167064,84
84054,84,337,41.591586838082534,42.31161399783721,84
